Date,Time,AQI,PM10,PM2.5,NO2,SO2,CO,O3
2025-01-31,01:24:27,1,11,9,16,1,350,16
2025-01-31,02:00:00,1,10,8,12,1,334,17
2025-01-31,03:00:00,1,8,7,9,0,310,19
2025-01-31,04:00:00,1,7,6,6,0,294,20
2025-01-31,05:00:00,1,7,6,5,1,287,21
2025-01-31,06:00:00,1,7,6,6,1,287,21
2025-01-31,07:00:00,1,8,6,5,1,287,25
2025-01-31,08:00:00,1,8,6,6,1,290,26
2025-01-31,09:00:00,1,8,7,7,1,297,28
2025-01-31,10:00:00,1,8,6,7,1,297,33
2025-01-31,11:00:00,1,8,6,6,1,294,38
2025-01-31,12:00:00,1,7,5,5,1,287,41
2025-01-31,13:00:00,1,6,5,4,2,277,52
2025-01-31,14:00:00,2,6,5,3,2,267,70
2025-01-31,15:00:00,2,6,5,3,2,267,70
2025-01-31,16:00:00,2,6,5,3,2,267,67
2025-01-31,17:00:00,2,6,5,4,2,274,64
2025-01-31,18:00:00,2,6,5,5,1,277,62
2025-01-31,19:00:00,1,6,5,5,1,280,57
2025-01-31,20:00:00,1,6,5,5,1,280,52
2025-01-31,21:00:00,1,6,5,5,1,277,50
2025-01-31,22:00:00,1,7,6,4,2,270,51
2025-01-31,23:00:00,1,9,6,3,1,264,52
2025-02-01,00:00:00,1,8,6,3,1,260,55
2025-02-01,01:00:00,2,7,6,2,1,257,60
2025-02-01,02:00:00,2,5,5,2,1,257,63
2025-02-01,03:00:00,2,5,4,2,1,257,64
2025-02-01,04:00:00,2,5,4,2,1,257,64
2025-02-01,05:00:00,2,5,4,2,1,260,63
2025-02-01,06:00:00,2,5,4,3,1,264,60
2025-02-01,07:00:00,1,5,4,4,1,270,57
2025-02-01,08:00:00,1,6,4,5,2,277,54
2025-02-01,09:00:00,1,6,4,7,3,280,53
2025-02-01,10:00:00,1,7,5,9,5,280,52
2025-02-01,11:00:00,1,8,5,10,5,277,50
2025-02-01,12:00:00,1,9,5,10,6,274,51
2025-02-01,13:00:00,1,10,6,13,9,274,49
2025-02-01,14:00:00,1,5,3,14,10,274,59
2025-02-01,15:00:00,1,5,3,15,12,274,59
2025-02-01,16:00:00,1,5,3,16,9,287,54
2025-02-01,17:00:00,1,6,4,21,6,320,45
2025-02-01,18:00:00,1,8,5,27,6,364,36
2025-02-01,19:00:00,1,10,7,30,6,394,31
2025-02-01,20:00:00,1,12,8,30,6,404,28
2025-02-01,21:00:00,1,13,10,30,5,407,25
2025-02-01,22:00:00,2,15,11,30,4,404,22
2025-02-01,23:00:00,2,15,12,28,3,387,21
2025-02-02,00:00:00,2,15,13,22,2,347,23
2025-02-02,01:00:00,2,13,12,14,1,307,27
2025-02-02,02:00:00,2,13,12,15,2,320,26
2025-02-02,03:00:00,2,13,12,21,2,350,23
2025-02-02,04:00:00,1,8,8,13,2,297,40
2025-02-02,05:00:00,1,8,7,7,2,270,52
2025-02-02,06:00:00,1,10,9,6,3,274,52
2025-02-02,07:00:00,2,14,13,7,3,297,44
2025-02-02,08:00:00,2,15,14,8,3,320,35
2025-02-02,09:00:00,2,11,10,8,2,344,30
2025-02-02,10:00:00,1,7,7,5,2,337,34
2025-02-02,11:00:00,1,5,4,3,2,314,41
2025-02-02,12:00:00,1,3,3,3,2,297,49
2025-02-02,13:00:00,2,2,2,2,2,274,65
2025-02-02,14:00:00,2,3,3,2,3,280,64
2025-02-02,15:00:00,2,3,2,2,2,274,69
2025-02-02,16:00:00,2,3,2,2,2,277,66
2025-02-02,17:00:00,1,3,2,4,1,290,57
2025-02-02,18:00:00,1,3,2,4,1,300,48
2025-02-02,19:00:00,1,4,3,5,1,310,43
2025-02-02,20:00:00,1,4,3,5,1,317,39
2025-02-02,21:00:00,1,5,3,5,1,320,38
2025-02-02,22:00:00,1,6,4,6,2,327,37
2025-02-02,23:00:00,1,6,4,6,2,330,37
2025-02-03,00:00:01,1,6,5,7,2,334,35
2025-02-03,01:00:00,1,7,5,7,2,334,32
2025-02-03,02:00:00,1,7,5,8,2,337,27
2025-02-03,03:00:00,1,8,6,9,3,347,22
2025-02-03,04:00:00,1,9,7,11,3,360,19
2025-02-03,05:00:00,1,9,8,13,4,370,17
2025-02-03,06:00:00,1,11,9,16,5,384,15
2025-02-03,07:00:00,1,12,10,20,7,404,14
2025-02-03,08:00:00,2,12,10,21,7,417,13
2025-02-03,09:00:00,2,13,10,19,6,411,15
2025-02-03,10:00:00,2,13,10,17,6,397,19
2025-02-03,11:00:00,1,12,10,15,5,384,23
2025-02-03,12:00:00,1,11,9,11,4,360,28
2025-02-03,13:00:00,1,9,7,16,15,307,42
2025-02-03,14:00:00,1,7,6,21,16,307,39
2025-02-03,15:00:00,1,7,6,17,12,304,44
2025-02-03,16:00:00,1,8,7,11,7,304,49
2025-02-03,17:00:00,1,8,7,8,4,304,52
2025-02-03,18:00:00,1,7,6,7,4,304,52
2025-02-03,19:00:00,1,7,6,7,3,304,49
2025-02-03,20:00:00,1,7,6,7,3,304,49
2025-02-03,21:00:00,1,7,6,7,2,304,48
2025-02-03,22:00:00,1,7,6,7,3,304,49
2025-02-03,23:00:00,1,6,6,5,2,300,51
2025-02-04,00:00:00,1,5,5,5,2,290,54
2025-02-04,01:00:00,1,4,4,4,2,280,57
2025-02-04,02:00:00,2,3,3,3,2,270,60
2025-02-04,03:00:00,2,3,3,3,2,267,62
2025-02-04,04:00:00,2,3,3,2,1,267,63
2025-02-04,05:00:00,2,2,2,2,0,267,62
2025-02-04,06:00:00,2,2,2,1,0,267,62
2025-02-04,07:00:00,2,2,2,1,0,270,63
2025-02-04,08:00:00,2,2,2,1,0,270,65
2025-02-04,09:00:00,2,2,2,2,2,270,63
2025-02-04,10:00:00,1,3,2,3,4,277,57
2025-02-04,11:00:00,1,2,2,3,4,277,53
2025-02-04,12:00:00,1,2,2,2,3,274,55
2025-02-04,13:00:00,2,2,1,2,2,270,60
2025-02-04,14:00:00,2,3,3,3,2,267,76
2025-02-04,15:00:00,2,2,2,3,1,264,77
2025-02-04,16:00:00,2,2,1,3,1,264,78
2025-02-04,17:00:00,2,1,1,3,2,264,78
2025-02-04,18:00:00,2,2,1,4,2,274,76
2025-02-04,19:00:00,2,2,2,5,5,287,72
2025-02-04,20:00:00,2,4,4,9,12,307,63
2025-02-04,21:00:00,2,6,5,14,24,317,54
2025-02-04,22:00:00,2,7,7,17,34,314,48
2025-02-04,23:00:00,2,8,7,17,36,300,45
2025-02-05,00:00:00,2,8,7,15,31,290,45
2025-02-05,01:00:00,2,8,7,12,26,287,46
2025-02-05,02:00:00,2,7,6,11,20,287,46
2025-02-05,03:00:00,1,7,6,10,16,287,46
2025-02-05,04:00:00,1,7,6,10,14,290,46
2025-02-05,05:00:00,1,7,6,10,14,294,45
2025-02-05,06:00:00,1,7,6,10,13,300,44
2025-02-05,07:00:00,1,8,6,13,13,314,42
2025-02-05,08:00:00,1,8,7,15,11,327,39
2025-02-05,09:00:00,1,9,7,15,10,334,39
2025-02-05,10:00:00,1,9,7,13,10,350,42
2025-02-05,11:00:00,1,10,8,11,11,360,44
2025-02-05,12:00:00,1,11,9,10,11,367,46
2025-02-05,13:00:00,2,13,11,10,15,367,50
2025-02-05,14:00:00,2,19,16,15,16,421,51
2025-02-05,15:00:00,2,24,22,23,19,474,49
2025-02-05,16:00:00,3,29,26,37,22,521,40
2025-02-05,17:00:00,3,32,29,51,21,534,27
2025-02-05,18:00:00,3,31,28,53,20,507,23
2025-02-05,19:00:00,3,29,27,45,20,467,29
2025-02-05,20:00:00,3,28,26,38,20,447,32
2025-02-05,21:00:00,2,26,25,35,23,434,32
2025-02-05,22:00:00,2,26,24,35,28,434,30
2025-02-05,23:00:00,2,25,23,35,31,427,28
2025-02-06,00:00:00,2,23,22,31,29,397,30
2025-02-06,01:00:00,2,20,19,22,23,350,39
2025-02-06,02:00:00,2,18,17,14,16,317,49
2025-02-06,03:00:00,2,14,13,8,9,300,59
2025-02-06,04:00:00,2,10,10,4,5,294,64
2025-02-06,05:00:00,2,10,9,4,3,294,65
2025-02-06,06:00:00,2,11,11,4,5,304,62
2025-02-06,07:00:00,2,14,13,7,8,310,58
2025-02-06,08:00:00,2,14,14,8,7,314,54
2025-02-06,09:00:00,2,12,11,8,5,310,54
2025-02-06,10:00:00,1,10,9,6,3,300,59
2025-02-06,11:00:00,2,9,8,4,2,290,64
2025-02-06,12:00:00,2,9,6,3,2,284,67
2025-02-06,13:00:00,2,9,6,2,1,280,70
2025-02-06,14:00:00,2,10,6,3,2,277,72
2025-02-06,15:00:00,2,12,7,3,2,277,74
2025-02-06,16:00:00,2,12,7,3,2,277,74
2025-02-06,17:00:00,2,11,6,4,2,280,72
2025-02-06,18:00:00,2,10,6,4,2,280,72
2025-02-06,19:00:00,2,9,5,3,2,280,72
2025-02-06,20:00:01,2,7,5,3,2,280,74
2025-02-06,21:00:00,2,6,5,2,2,280,78
2025-02-06,22:00:00,2,6,5,2,2,277,81
2025-02-06,23:00:00,2,6,5,2,2,277,82
2025-02-07,00:00:00,2,7,5,2,2,280,81
2025-02-07,01:00:00,2,8,5,2,2,284,80
2025-02-07,02:00:00,2,10,6,2,2,284,79
2025-02-07,03:00:00,2,13,6,2,2,284,80
2025-02-07,04:00:00,2,16,7,2,2,284,81
2025-02-07,05:00:00,2,21,8,2,2,284,82
2025-02-07,06:00:00,2,28,10,2,2,284,82
2025-02-07,07:00:00,2,36,11,3,3,284,82
2025-02-07,08:00:00,2,40,12,3,2,287,84
2025-02-07,09:00:00,2,38,12,3,2,287,84
2025-02-07,10:00:00,2,33,11,3,2,287,84
2025-02-07,11:00:00,2,27,10,2,3,287,86
2025-02-07,12:00:00,2,24,10,2,3,284,87
2025-02-07,13:00:00,2,22,11,2,3,284,89
2025-02-07,14:00:00,2,13,8,3,4,284,85
2025-02-07,15:00:00,2,10,7,3,4,284,82
2025-02-07,16:00:00,2,8,6,4,4,284,77
2025-02-07,17:00:00,2,6,4,5,4,284,74
2025-02-07,18:00:00,2,4,3,5,5,284,71
2025-02-07,19:00:00,2,4,3,5,5,280,70
2025-02-07,20:00:00,2,3,3,4,4,277,69
2025-02-07,21:00:00,2,3,3,4,4,277,68
2025-02-07,22:00:00,2,4,3,4,5,277,65
2025-02-07,23:00:00,2,4,4,4,5,277,63
2025-02-08,00:00:00,2,4,4,4,6,277,64
2025-02-08,01:00:00,2,4,4,4,6,277,66
2025-02-08,02:00:00,2,4,4,3,5,277,68
2025-02-08,03:00:00,2,4,3,3,4,277,71
2025-02-08,04:00:00,2,3,3,2,4,277,72
2025-02-08,05:00:00,2,3,3,2,4,277,72
2025-02-08,06:00:00,2,4,3,3,4,280,72
2025-02-08,07:00:00,2,4,4,3,4,284,70
2025-02-08,08:00:00,2,4,4,3,4,287,69
2025-02-08,09:00:00,2,4,4,3,4,287,69
2025-02-08,10:00:00,2,4,3,3,3,284,72
2025-02-08,11:00:00,2,3,3,2,3,280,74
2025-02-08,12:00:00,2,3,3,2,2,277,77
2025-02-08,13:00:00,2,4,3,2,2,277,79
2025-02-08,14:00:00,2,5,4,1,2,277,89
2025-02-08,15:00:00,2,5,4,2,2,277,90
2025-02-08,16:00:00,2,4,4,2,2,277,90
2025-02-08,17:00:00,2,5,4,3,2,280,87
2025-02-08,18:00:00,2,5,5,4,2,284,84
2025-02-08,19:00:00,2,5,5,4,2,287,82
2025-02-08,20:00:00,2,5,5,4,2,287,80
2025-02-08,21:00:00,2,5,5,4,2,287,78
2025-02-08,22:00:00,2,5,4,4,2,284,77
2025-02-08,23:00:00,2,4,4,3,2,284,77
2025-02-09,00:00:00,2,4,3,3,2,284,77
2025-02-09,01:00:00,2,3,3,3,2,280,79
2025-02-09,02:00:00,2,3,3,2,2,277,82
2025-02-09,03:00:00,2,3,2,2,1,277,83
2025-02-09,04:00:00,2,3,2,2,1,274,84
2025-02-09,05:00:00,2,3,2,2,2,274,84
2025-02-09,06:00:00,2,3,3,2,2,274,84
2025-02-09,07:00:00,2,3,3,2,2,274,83
2025-02-09,08:00:00,2,4,3,3,2,277,81
2025-02-09,09:00:00,2,4,4,4,2,280,77
2025-02-09,10:00:00,2,5,4,4,2,284,76
2025-02-09,11:00:00,2,5,4,4,2,287,76
2025-02-09,12:00:00,2,5,4,3,2,290,77
2025-02-09,13:00:00,2,5,4,3,2,290,79
2025-02-09,14:00:00,2,4,4,3,2,284,81
2025-02-09,15:00:00,2,4,4,3,2,284,81
2025-02-09,16:00:00,2,4,4,4,2,284,81
2025-02-09,17:00:00,2,4,4,5,2,284,81
2025-02-09,18:00:00,2,4,4,5,2,287,82
2025-02-09,19:00:00,2,4,4,4,2,287,82
2025-02-09,20:00:00,2,4,4,4,2,290,82
2025-02-09,21:00:00,2,4,4,4,2,290,81
2025-02-09,22:00:00,2,4,3,3,2,290,81
2025-02-09,23:00:00,2,4,3,3,2,290,82
2025-02-10,00:00:00,2,4,3,3,2,290,82
2025-02-10,01:00:01,2,4,3,3,2,287,82
2025-02-10,02:00:00,2,4,3,3,2,287,82
2025-02-10,03:00:00,2,4,3,3,2,287,81
2025-02-10,04:00:00,2,4,3,3,2,287,80
2025-02-10,05:00:00,2,4,3,3,2,287,79
2025-02-10,06:00:00,2,4,3,3,2,287,78
2025-02-10,07:00:00,2,4,3,4,2,290,77
2025-02-10,08:00:00,2,4,4,4,2,290,76
2025-02-10,09:00:00,2,5,4,5,3,294,76
2025-02-10,10:00:00,2,6,5,5,3,297,77
2025-02-10,11:00:00,2,7,6,4,3,294,79
2025-02-10,12:00:00,2,9,8,3,3,294,81
2025-02-10,13:00:00,2,11,10,3,3,294,84
2025-02-10,14:00:00,2,12,11,3,3,294,86
2025-02-10,15:00:00,2,13,13,4,4,294,87
2025-02-10,16:00:00,2,14,13,4,4,297,87
2025-02-10,17:00:00,2,13,13,6,4,300,84
2025-02-10,18:00:00,2,13,12,7,4,304,82
2025-02-10,19:00:00,2,13,12,6,4,304,82
2025-02-10,20:00:00,2,13,12,6,4,304,80
2025-02-10,21:00:00,2,13,12,6,4,304,79
2025-02-10,22:00:00,2,13,12,5,4,304,78
2025-02-10,23:00:00,2,14,12,5,4,304,77
2025-02-11,00:00:00,2,14,12,4,3,304,78
2025-02-11,01:00:00,2,15,12,4,3,300,78
2025-02-11,02:00:00,2,16,12,4,3,300,78
2025-02-11,03:00:00,2,15,12,3,2,297,78
2025-02-11,04:00:00,2,15,11,3,2,294,78
2025-02-11,05:00:00,2,14,11,3,2,294,77
2025-02-11,06:00:00,2,13,11,3,2,297,77
2025-02-11,07:00:00,2,11,9,4,2,300,75
2025-02-11,08:00:00,2,9,8,4,2,304,75
2025-02-11,09:00:00,2,8,7,5,3,307,76
2025-02-11,10:00:00,2,7,5,5,3,307,78
2025-02-11,11:00:00,2,6,5,5,3,307,81
2025-02-11,12:00:00,2,6,4,5,3,304,83
2025-02-11,13:00:00,2,6,4,4,3,300,86
2025-02-11,14:00:00,2,7,5,4,4,287,91
2025-02-11,15:00:00,2,6,5,5,4,287,89
2025-02-11,16:00:00,2,5,4,6,4,287,86
2025-02-11,17:00:00,2,5,4,7,4,287,83
2025-02-11,18:00:00,2,4,3,7,4,287,82
2025-02-11,19:00:00,2,4,3,6,4,284,83
2025-02-11,20:00:00,2,4,4,5,3,284,84
2025-02-11,21:00:00,2,4,4,5,3,280,86
2025-02-11,22:00:00,2,4,3,4,3,277,87
2025-02-11,23:00:00,2,3,3,3,2,274,89
2025-02-12,00:00:00,2,2,2,3,2,270,91
2025-02-12,01:00:00,2,2,2,3,2,270,92
2025-02-12,02:00:00,2,2,2,2,2,270,92
2025-02-12,03:00:00,2,2,2,2,2,270,91
2025-02-12,04:00:00,2,2,2,2,2,270,87
2025-02-12,05:00:00,2,2,2,3,2,274,84
2025-02-12,06:00:00,2,3,2,3,2,277,82
2025-02-12,07:00:00,2,3,3,3,2,277,82
2025-02-12,08:00:00,2,3,3,3,2,280,82
2025-02-12,09:00:00,2,4,3,4,2,280,83
2025-02-12,10:00:00,2,4,3,4,2,277,84
2025-02-12,11:00:00,2,4,3,3,2,274,87
2025-02-12,12:00:00,2,4,3,3,2,270,89
2025-02-12,13:00:00,2,3,3,2,2,267,92
2025-02-12,14:00:00,2,4,3,4,3,274,87
2025-02-12,15:00:00,2,4,4,4,3,274,88
2025-02-12,16:00:01,2,4,4,5,4,274,87
2025-02-12,17:00:00,2,4,4,6,4,274,84
2025-02-12,18:00:05,2,4,4,6,4,277,82
2025-02-12,19:00:00,2,4,4,5,3,277,80
2025-02-12,20:00:00,2,5,4,5,3,280,79
2025-02-12,21:00:00,2,5,4,4,3,280,77
2025-02-12,22:00:00,2,5,4,4,3,280,76
2025-02-12,23:00:00,2,5,4,4,2,280,74
2025-02-13,00:00:00,2,5,5,4,2,280,73
2025-02-13,01:00:00,2,5,5,4,2,284,72
2025-02-13,02:00:00,2,6,5,4,2,284,70
2025-02-13,03:00:00,2,6,5,4,2,284,69
2025-02-13,04:00:00,2,6,5,4,2,287,69
2025-02-13,05:00:00,2,6,5,4,2,287,68
2025-02-13,06:00:00,2,6,5,4,2,290,67
2025-02-13,07:00:00,2,6,6,5,2,297,67
2025-02-13,08:00:00,2,7,6,6,2,304,65
2025-02-13,09:00:00,2,7,6,6,2,307,64
2025-02-13,10:00:00,2,7,6,6,3,314,66
2025-02-13,11:00:00,2,8,7,6,3,320,69
2025-02-13,12:00:00,2,10,8,5,3,320,74
2025-02-13,13:00:00,2,12,10,4,4,314,82
2025-02-13,14:00:00,2,14,12,4,3,310,87
2025-02-13,15:00:00,2,16,14,4,3,307,91
2025-02-13,16:00:00,2,16,15,5,4,310,88
2025-02-13,17:00:00,2,16,14,8,4,320,79
2025-02-13,18:00:00,2,15,13,12,5,327,69
2025-02-13,19:00:00,2,14,12,17,7,334,60
2025-02-13,20:00:00,2,13,11,22,8,334,54
2025-02-13,21:00:00,2,13,11,23,9,334,52
2025-02-13,22:00:00,2,12,11,21,8,337,53
2025-02-13,23:00:00,2,12,10,17,7,334,55
2025-02-14,00:00:00,1,11,9,14,5,330,57
2025-02-14,01:00:00,2,10,9,11,4,324,60
2025-02-14,02:00:00,2,9,8,9,3,317,62
2025-02-14,03:00:00,2,8,8,7,3,314,63
2025-02-14,04:00:00,2,8,7,6,2,314,64
2025-02-14,05:00:00,2,8,7,6,2,317,64
2025-02-14,06:00:00,2,9,8,7,2,327,62
2025-02-14,07:00:00,1,10,9,10,3,347,57
2025-02-14,08:00:00,1,11,9,12,4,367,52
2025-02-14,09:00:00,1,12,10,13,4,374,51
2025-02-14,10:00:00,2,14,11,13,5,401,52
2025-02-14,11:00:00,2,17,14,14,7,441,56
2025-02-14,12:00:00,2,24,21,17,9,487,63
2025-02-14,13:00:00,3,30,27,19,11,494,78
2025-02-14,14:00:00,3,31,28,33,34,461,74
2025-02-14,15:00:00,3,32,30,36,32,447,72
2025-02-14,16:00:00,3,29,26,35,26,411,69
2025-02-14,17:00:00,2,24,22,37,18,387,62
2025-02-14,18:00:00,2,22,20,39,13,391,54
2025-02-14,19:00:00,2,22,20,36,11,401,51
2025-02-14,20:00:00,2,23,21,32,9,397,52
2025-02-14,21:00:00,2,23,21,26,8,387,55
2025-02-14,22:00:00,2,24,22,22,7,384,57
2025-02-14,23:00:00,2,23,22,17,6,367,61
2025-02-15,00:00:00,2,22,21,11,4,337,67
2025-02-15,01:00:00,2,22,22,7,3,320,71
2025-02-15,02:00:00,2,24,23,7,3,317,70
2025-02-15,03:00:00,2,24,24,6,3,317,70
2025-02-15,04:00:00,2,24,23,5,3,310,73
2025-02-15,05:00:00,2,21,21,4,3,300,77
2025-02-15,06:00:00,2,19,18,4,3,294,79
2025-02-15,07:00:00,2,16,15,5,3,294,79
2025-02-15,08:00:00,2,13,12,5,3,290,79
2025-02-15,09:00:00,2,10,10,4,2,284,82
2025-02-15,10:00:00,2,7,6,3,1,270,87
2025-02-15,11:00:00,2,3,3,2,1,260,91
2025-02-15,12:00:00,2,2,2,2,1,254,93
2025-02-15,13:00:00,2,2,2,2,1,257,94
2025-02-15,14:00:00,2,2,2,2,1,254,99
2025-02-15,15:00:00,3,2,2,2,1,257,100
2025-02-15,16:00:00,3,2,1,2,1,257,100
2025-02-15,17:00:00,3,1,1,2,0,257,100
2025-02-15,18:00:00,2,1,1,2,1,260,97
2025-02-15,19:00:00,2,2,2,2,1,277,97
2025-02-15,20:00:00,2,2,1,4,3,277,87
2025-02-15,21:00:00,2,2,2,6,4,310,64
2025-02-15,22:00:00,2,2,1,4,2,310,61
2025-02-15,23:00:00,2,2,2,3,2,307,62
2025-02-16,00:00:00,2,2,2,4,3,304,61
2025-02-16,01:00:00,1,3,2,4,4,304,59
2025-02-16,02:00:00,1,3,3,4,4,304,58
2025-02-16,03:00:00,1,3,3,5,3,304,54
2025-02-16,04:00:00,1,4,3,7,3,307,51
2025-02-16,05:00:00,1,4,4,10,3,307,47
2025-02-16,06:00:00,1,5,4,11,3,307,48
2025-02-16,07:00:00,1,4,4,10,3,304,52
2025-02-16,08:00:00,1,4,4,8,4,304,54
2025-02-16,09:00:00,1,3,3,7,3,304,56
2025-02-16,10:00:00,1,3,2,6,3,300,59
2025-02-16,11:00:00,2,2,2,5,4,300,64
2025-02-16,12:00:00,2,2,1,3,5,297,67
2025-02-16,13:00:00,2,1,1,2,4,294,70
2025-02-16,14:00:00,2,2,2,2,3,287,70
2025-02-16,15:00:00,2,3,2,2,4,287,72
2025-02-16,16:00:00,2,4,3,3,6,290,72
2025-02-16,17:00:00,2,5,5,4,7,297,70
2025-02-16,18:00:00,2,7,6,5,7,307,68
2025-02-16,19:00:00,2,8,7,6,7,317,67
2025-02-16,20:00:00,2,9,8,5,5,324,64
2025-02-16,21:00:00,2,10,9,5,4,327,63
2025-02-16,22:00:00,2,10,8,5,3,327,62
2025-02-16,23:00:00,2,9,8,4,3,327,60
2025-02-17,00:00:00,1,9,8,4,3,327,59
2025-02-17,01:00:00,1,9,7,4,4,327,57
2025-02-17,02:00:00,1,9,8,5,4,330,54
2025-02-17,03:00:00,1,10,9,5,5,340,49
2025-02-17,04:00:00,1,11,10,6,5,354,45
2025-02-17,05:00:00,2,12,11,7,4,360,43
2025-02-17,06:00:00,2,13,11,7,3,367,40
2025-02-17,07:00:00,2,14,11,9,3,377,38
2025-02-17,08:00:00,2,14,12,10,3,384,36
2025-02-17,09:00:00,2,15,12,10,3,384,38
2025-02-17,10:00:00,2,15,12,9,4,377,44
2025-02-17,11:00:00,2,15,12,8,5,370,49
2025-02-17,12:00:00,2,16,13,8,6,367,57
2025-02-17,13:00:00,2,10,8,4,8,304,78
2025-02-17,14:00:00,2,8,6,6,12,300,70
2025-02-17,15:00:00,2,8,7,5,10,297,74
2025-02-17,16:00:00,2,9,8,5,7,300,76
2025-02-17,17:00:00,2,10,9,5,5,310,75
2025-02-17,18:00:00,2,11,9,5,5,317,72
2025-02-17,19:00:00,2,12,10,7,5,324,68
2025-02-17,20:00:00,2,14,12,11,7,340,65
2025-02-17,21:00:00,2,15,13,11,7,350,68
2025-02-17,22:00:00,2,15,13,9,5,350,72
2025-02-17,23:00:00,2,14,13,8,4,344,72
2025-02-18,00:00:00,2,15,14,6,4,334,72
2025-02-18,01:00:00,2,15,14,6,3,324,71
2025-02-18,02:00:00,2,14,13,5,2,317,70
2025-02-18,03:00:00,2,12,11,4,2,310,67
2025-02-18,04:00:00,2,10,9,4,2,304,65
2025-02-18,05:00:00,2,9,8,4,1,300,64
2025-02-18,06:00:00,2,8,7,4,2,300,62
2025-02-18,07:00:00,1,7,6,5,2,304,59
2025-02-18,08:00:00,1,7,6,6,2,307,59
2025-02-18,09:00:00,1,7,6,6,2,310,59
2025-02-18,10:00:00,2,7,5,5,2,310,61
2025-02-18,11:00:00,2,7,5,5,3,310,63
2025-02-18,12:00:00,2,7,6,4,3,304,67
2025-02-18,13:00:00,2,4,3,2,1,277,78
2025-02-18,14:00:00,2,4,3,1,1,270,86
2025-02-18,15:00:00,2,4,3,1,1,270,87
2025-02-18,16:00:00,2,4,3,1,1,270,87
2025-02-18,17:00:00,2,5,5,3,2,277,85
2025-02-18,18:00:00,2,9,8,6,3,290,84
2025-02-18,19:00:00,2,12,11,6,4,304,84
2025-02-18,20:00:00,2,12,11,6,3,310,82
2025-02-18,21:00:00,2,11,10,6,3,314,79
2025-02-18,22:00:00,2,10,9,6,3,310,77
2025-02-18,23:00:00,2,10,9,5,2,310,76
2025-02-19,00:00:00,2,10,9,5,2,307,74
2025-02-19,01:00:00,2,9,9,4,2,307,72
2025-02-19,02:00:00,2,9,9,4,2,307,69
2025-02-19,03:00:00,2,9,9,4,1,307,67
2025-02-19,04:00:00,2,9,8,4,1,307,64
2025-02-19,05:00:00,2,8,8,4,1,307,62
2025-02-19,06:00:00,2,8,7,4,2,307,60
2025-02-19,07:00:00,1,8,7,5,2,314,58
2025-02-19,08:00:00,1,7,6,6,2,314,57
2025-02-19,09:00:00,1,7,6,6,2,317,58
2025-02-19,10:00:00,2,6,5,5,2,314,62
2025-02-19,11:00:00,2,6,5,5,3,314,65
2025-02-19,12:00:00,2,7,6,4,3,304,69
2025-02-19,13:00:00,2,5,4,2,2,280,77
2025-02-19,14:00:00,2,5,5,2,1,274,87
2025-02-19,15:00:00,2,4,4,2,1,270,87
2025-02-19,16:00:00,2,4,4,2,1,267,86
2025-02-19,17:00:00,2,5,4,4,2,274,85
2025-02-19,18:00:00,2,6,5,6,3,280,84
2025-02-19,19:00:00,2,7,6,6,4,290,83
2025-02-19,20:00:00,2,7,6,6,3,297,82
2025-02-19,21:00:00,2,7,6,5,3,297,81
2025-02-19,22:00:00,2,7,6,5,2,297,81
2025-02-19,23:00:00,2,7,6,4,2,297,80
2025-02-20,00:00:00,2,6,6,4,2,294,79
2025-02-20,01:00:00,2,7,6,3,2,294,78
2025-02-20,02:00:00,2,7,6,3,1,294,76
2025-02-20,03:00:00,2,7,7,3,1,294,74
2025-02-20,04:00:00,2,7,7,3,1,297,72
2025-02-20,05:00:00,2,8,7,3,1,300,70
2025-02-20,06:00:00,2,8,8,4,1,307,67
2025-02-20,07:00:00,2,9,8,5,2,317,64
2025-02-20,08:00:00,2,9,8,6,2,324,62
2025-02-20,09:00:00,2,10,8,7,2,330,61
2025-02-20,10:00:00,2,10,8,7,2,337,62
2025-02-20,11:00:00,2,10,9,7,3,347,63
2025-02-20,12:00:00,2,11,10,6,3,350,68
2025-02-20,13:00:00,2,10,8,4,3,317,80
2025-02-20,14:00:00,2,11,9,5,3,317,79
2025-02-20,15:00:00,2,9,7,4,2,300,84
2025-02-20,16:00:00,2,7,6,3,2,290,86
2025-02-20,17:00:00,2,6,4,4,1,287,85
2025-02-20,18:00:00,2,6,5,5,2,290,82
2025-02-20,19:00:00,2,10,9,9,4,307,78
2025-02-20,20:00:00,2,13,12,10,5,324,78
2025-02-20,21:00:00,2,12,11,8,4,327,79
2025-02-20,22:00:00,2,10,9,7,3,320,79
2025-02-20,23:00:00,2,9,8,6,3,317,77
2025-02-21,00:00:00,2,9,8,6,2,310,76
2025-02-21,01:00:00,2,9,8,5,2,307,75
2025-02-21,02:00:00,2,8,8,4,2,304,75
2025-02-21,03:00:00,2,8,7,3,2,297,75
2025-02-21,04:00:00,2,7,6,3,2,290,76
2025-02-21,05:00:00,2,7,6,3,2,287,77
2025-02-21,06:00:00,2,7,7,3,3,290,77
2025-02-21,07:00:00,2,8,7,4,3,294,77
2025-02-21,08:00:00,2,9,8,5,4,297,77
2025-02-21,09:00:00,2,10,9,5,4,304,77
2025-02-21,10:00:00,2,10,9,5,4,307,79
2025-02-21,11:00:00,2,10,9,5,4,304,83
2025-02-21,12:00:00,2,10,10,4,4,297,89
2025-02-21,13:00:00,3,9,9,2,4,274,102
2025-02-21,14:00:00,3,4,4,1,2,264,100
2025-02-21,15:00:00,3,5,4,1,2,264,102
2025-02-21,16:00:00,3,5,5,2,3,267,102
2025-02-21,17:00:00,2,6,6,4,3,270,99
2025-02-21,18:00:00,2,5,5,4,3,274,96
2025-02-21,19:00:00,2,4,4,4,2,274,93
2025-02-21,20:00:00,2,4,4,3,2,277,93
2025-02-21,21:00:00,2,6,5,3,3,280,94
2025-02-21,22:00:00,2,7,6,3,3,280,96
2025-02-21,23:00:00,2,7,7,3,3,284,96
2025-02-22,00:00:00,2,7,7,3,3,284,94
2025-02-22,01:00:00,2,8,7,2,3,287,94
2025-02-22,02:00:00,2,8,8,2,3,287,94
2025-02-22,03:00:00,2,8,8,2,3,287,93
2025-02-22,04:00:00,2,7,7,2,3,287,93
2025-02-22,05:00:00,2,7,7,2,4,290,92
2025-02-22,06:00:00,2,7,7,3,5,294,89
2025-02-22,07:00:00,2,7,7,3,6,300,86
2025-02-22,08:00:00,2,7,7,4,7,307,83
2025-02-22,09:00:00,2,7,7,4,8,307,82
2025-02-22,10:00:00,2,7,7,5,8,304,82
2025-02-22,11:00:00,2,7,7,4,8,300,83
2025-02-22,12:00:00,2,7,7,4,7,294,83
2025-02-22,13:00:00,2,7,7,3,6,290,84
2025-02-22,14:00:00,2,5,5,3,6,290,84
2025-02-22,15:00:00,2,5,5,3,5,290,85
2025-02-22,16:00:00,2,4,4,2,3,290,87
2025-02-22,17:00:00,2,3,3,2,2,290,88
2025-02-22,18:00:00,2,3,3,1,1,290,87
2025-02-22,19:00:00,2,3,2,1,1,290,84
2025-02-22,20:00:00,2,3,3,2,1,287,82
2025-02-22,21:00:00,2,3,3,2,1,284,80
2025-02-22,22:00:00,2,3,3,3,1,284,78
2025-02-22,23:00:00,2,3,3,3,1,280,77
2025-02-23,00:00:00,2,3,3,3,1,277,77
2025-02-23,01:00:00,2,3,2,3,1,274,78
2025-02-23,02:00:00,2,3,2,2,1,274,78
2025-02-23,03:00:00,2,3,3,2,1,274,78
2025-02-23,04:00:00,2,3,3,2,1,274,78
2025-02-23,05:00:00,2,4,4,2,1,277,77
2025-02-23,06:00:00,2,5,5,3,2,284,74
2025-02-23,07:00:00,2,8,8,6,3,294,68
2025-02-23,08:00:00,2,11,10,8,6,300,60
2025-02-23,09:00:00,2,13,12,10,8,300,59
2025-02-23,10:00:00,2,13,13,10,10,300,64
2025-02-23,11:00:00,2,13,12,8,10,297,67
2025-02-23,12:00:00,2,12,12,7,11,297,69
2025-02-23,13:00:00,2,12,11,8,9,297,69
2025-02-23,14:00:00,2,5,4,5,2,284,76
2025-02-23,15:00:00,2,4,4,5,1,277,79
2025-02-23,16:00:00,2,4,4,5,1,277,80
2025-02-23,17:00:00,2,5,5,7,2,277,78
2025-02-23,18:00:00,2,6,6,8,4,284,74
2025-02-23,19:00:00,2,7,7,9,5,287,71
2025-02-23,20:00:00,2,7,7,7,3,284,73
2025-02-23,21:00:00,2,6,6,4,1,277,77
2025-02-23,22:00:00,2,5,5,4,1,277,78
2025-02-23,23:00:00,2,5,5,3,0,277,78
2025-02-24,00:00:00,2,5,5,3,0,277,78
2025-02-24,01:00:00,2,5,5,2,1,277,78
2025-02-24,02:00:00,2,5,5,2,1,280,79
2025-02-24,03:00:00,2,5,5,2,1,280,79
2025-02-24,04:00:00,2,5,5,2,1,280,80
2025-02-24,05:00:00,2,5,5,2,1,280,80
2025-02-24,06:00:00,2,5,5,2,3,280,79
2025-02-24,07:00:00,2,5,5,3,6,280,79
2025-02-24,08:00:00,2,5,5,3,8,280,79
2025-02-24,09:00:00,2,6,5,4,9,277,80
2025-02-24,10:00:00,2,6,5,4,9,277,82
2025-02-24,11:00:00,2,6,5,3,8,277,83
2025-02-24,12:00:00,2,5,5,3,7,277,84
2025-02-24,13:00:00,2,5,5,3,5,277,86
2025-02-24,14:00:00,2,4,4,2,1,287,82
2025-02-24,15:00:00,2,4,4,3,1,294,81
2025-02-24,16:00:00,2,4,4,4,1,297,79
2025-02-24,17:00:00,2,4,3,5,2,294,78
2025-02-24,18:00:00,2,4,3,5,2,294,79
2025-02-24,19:00:00,2,4,3,5,2,290,80
2025-02-24,20:00:00,2,4,4,5,2,290,82
2025-02-24,21:00:00,2,5,4,5,3,290,81
2025-02-24,22:00:00,2,5,5,4,3,290,80
2025-02-24,23:00:00,2,5,5,4,3,290,79
2025-02-25,00:00:00,2,5,5,4,4,287,79
2025-02-25,01:00:00,2,5,5,3,3,284,79
2025-02-25,02:00:00,2,5,5,3,3,280,79
2025-02-25,03:00:00,2,5,4,3,3,284,78
2025-02-25,04:00:00,2,4,4,3,4,287,76
2025-02-25,05:00:00,2,4,4,4,5,290,74
2025-02-25,06:00:00,2,5,4,4,5,294,72
2025-02-25,07:00:00,2,4,4,4,4,294,73
2025-02-25,08:00:00,2,4,4,3,2,287,74
2025-02-25,09:00:00,2,3,3,2,1,287,77
2025-02-25,10:00:00,2,3,2,2,1,290,78
2025-02-25,11:00:00,2,2,2,2,1,297,79
2025-02-25,12:00:00,2,2,2,2,1,297,79
2025-02-25,13:00:00,2,2,2,2,1,297,82
2025-02-25,14:00:00,2,3,3,1,1,290,84
2025-02-25,15:00:00,2,3,3,1,1,287,87
2025-02-25,16:00:00,2,3,3,1,0,290,88
2025-02-25,17:00:00,2,3,3,1,0,290,87
2025-02-25,18:00:00,2,4,3,2,0,294,85
2025-02-25,19:00:00,2,4,3,2,0,294,84
2025-02-25,20:00:00,2,3,3,2,0,294,84
2025-02-25,21:00:00,2,3,3,2,1,294,83
2025-02-25,22:00:00,2,4,3,2,1,297,82
2025-02-25,23:00:00,2,4,4,2,1,300,80
2025-02-26,00:00:00,2,4,4,3,1,300,79
2025-02-26,01:00:00,2,5,4,2,1,304,78
2025-02-26,02:00:00,2,5,4,3,1,304,77
2025-02-26,03:00:00,2,4,4,3,1,304,77
2025-02-26,04:00:00,2,4,4,3,1,300,78
2025-02-26,05:00:00,2,4,4,3,2,304,78
2025-02-26,06:00:00,2,4,4,4,2,307,78
2025-02-26,07:00:00,2,5,4,4,2,310,77
2025-02-26,08:00:00,2,5,4,5,2,314,76
2025-02-26,09:00:00,2,5,4,5,2,314,77
2025-02-26,10:00:00,2,5,4,4,2,317,78
2025-02-26,11:00:00,2,5,5,4,3,320,80
2025-02-26,12:00:00,2,6,5,4,3,317,84
2025-02-26,13:00:00,2,7,6,3,3,310,90
2025-02-26,14:00:00,2,5,4,6,5,304,83
2025-02-26,15:00:00,2,6,5,7,5,307,83
2025-02-26,16:00:00,2,6,5,7,5,307,83
2025-02-26,17:00:00,2,6,5,8,4,310,83
2025-02-26,18:00:00,2,7,6,7,3,314,83
2025-02-26,19:00:00,2,7,6,5,2,317,83
2025-02-26,20:00:00,2,8,6,4,1,317,82
2025-02-26,21:00:00,2,8,6,4,1,317,81
2025-02-26,22:00:00,2,8,6,4,1,317,79
2025-02-26,23:00:00,2,10,8,3,2,317,80
2025-02-27,00:00:00,2,14,13,3,5,317,83
2025-02-27,01:00:00,2,19,18,3,7,320,86
2025-02-27,02:00:00,2,21,20,3,6,324,85
2025-02-27,03:00:00,2,20,19,4,6,337,82
2025-02-27,04:00:00,2,20,19,5,7,374,74
2025-02-27,05:00:00,2,20,19,7,8,407,67
2025-02-27,06:00:00,2,21,19,8,9,421,63
2025-02-27,07:00:00,2,20,19,9,8,411,60
2025-02-27,08:00:00,2,19,17,9,6,391,59
2025-02-27,09:00:00,2,17,15,8,5,364,64
2025-02-27,10:00:00,2,15,14,6,8,344,70
2025-02-27,11:00:00,2,15,14,5,17,337,72
2025-02-27,12:00:00,2,18,16,6,31,340,74
2025-02-27,13:00:00,2,19,18,8,48,340,81
2025-02-27,14:00:00,2,17,16,8,35,334,86
2025-02-27,15:00:00,2,16,15,8,30,334,87
2025-02-27,16:00:00,2,15,15,9,28,337,87
2025-02-27,17:00:00,2,16,15,11,27,354,85
2025-02-27,18:00:00,2,16,15,14,27,381,83
2025-02-27,19:00:00,2,17,15,14,26,397,82
2025-02-27,20:00:00,2,17,15,13,22,397,82
2025-02-27,21:00:00,2,15,13,11,19,384,81
2025-02-27,22:00:00,2,14,12,10,17,367,79
2025-02-27,23:00:00,2,13,11,9,13,357,79
2025-02-28,00:00:00,2,11,10,7,10,347,80
2025-02-28,01:00:00,2,10,9,6,7,337,83
2025-02-28,02:00:00,2,9,8,5,5,330,87
2025-02-28,03:00:00,2,9,9,4,5,320,90
2025-02-28,04:00:00,2,11,10,4,8,317,89
2025-02-28,05:00:00,2,13,12,5,8,317,84
2025-02-28,06:00:00,2,15,14,5,7,320,81
2025-02-28,07:00:00,2,16,15,6,6,324,78
2025-02-28,08:00:00,2,17,16,7,5,330,76
2025-02-28,09:00:00,2,19,18,8,5,334,76
2025-02-28,10:00:00,2,20,19,9,5,337,76
2025-02-28,11:00:00,2,21,20,8,5,344,77
2025-02-28,12:00:00,2,22,20,8,5,347,78
2025-02-28,13:00:00,2,20,18,7,5,340,83
2025-02-28,14:00:00,2,22,21,8,4,337,77
2025-02-28,15:00:00,2,21,20,7,4,334,79
2025-02-28,16:00:00,2,18,17,7,3,327,79
2025-02-28,17:00:00,2,15,14,7,2,320,79
2025-02-28,18:00:00,2,13,12,6,2,317,80
2025-02-28,19:00:00,2,11,11,6,2,314,81
2025-02-28,20:00:00,2,10,10,5,2,310,80
2025-02-28,21:00:00,2,10,9,5,2,310,80
2025-02-28,22:00:00,2,10,9,5,2,310,80
2025-02-28,23:00:00,2,10,9,4,2,314,82
2025-03-01,00:00:00,2,10,10,4,3,320,87
2025-03-01,01:00:00,2,11,10,4,2,327,89
2025-03-01,02:00:00,2,11,10,4,2,334,88
2025-03-01,03:00:00,2,11,11,4,2,337,87
2025-03-01,04:00:00,2,12,11,4,2,340,84
2025-03-01,05:00:00,2,11,11,4,2,340,83
2025-03-01,06:00:00,2,11,10,5,2,340,82
2025-03-01,07:00:00,2,10,10,6,3,337,82
2025-03-01,08:00:00,2,9,8,6,2,337,82
2025-03-01,09:00:00,2,8,7,6,2,330,84
2025-03-01,10:00:00,2,6,5,5,2,320,89
2025-03-01,11:00:00,2,5,4,4,3,314,93
2025-03-01,12:00:00,2,5,4,3,2,310,94
2025-03-01,13:00:00,2,6,5,3,2,307,97
2025-03-01,14:00:00,3,7,6,3,3,300,102
2025-03-01,15:00:00,3,7,6,3,3,297,104
2025-03-01,16:00:00,3,8,7,3,3,300,104
2025-03-01,17:00:00,3,8,7,5,3,310,100
2025-03-01,18:00:00,2,9,8,6,3,324,96
2025-03-01,19:00:00,2,10,8,8,3,334,90
2025-03-01,20:00:00,2,11,9,8,3,340,87
2025-03-01,21:00:00,2,12,10,9,4,350,84
2025-03-01,22:00:01,2,12,11,10,4,364,80
2025-03-01,23:00:00,2,11,10,11,3,364,79
2025-03-02,00:00:00,2,10,10,10,3,360,78
2025-03-02,01:00:00,2,10,9,9,2,354,77
2025-03-02,02:00:00,2,10,10,9,2,350,77
2025-03-02,03:00:00,2,10,10,8,2,344,77
2025-03-02,04:00:00,2,10,9,7,2,340,77
2025-03-02,05:00:00,2,9,9,6,2,337,78
2025-03-02,06:00:00,2,9,8,6,2,337,79
2025-03-02,07:00:00,2,9,8,6,2,340,78
2025-03-02,08:00:00,2,9,8,7,2,344,79
2025-03-02,09:00:00,2,8,7,6,2,337,81
2025-03-02,10:00:00,2,7,6,6,2,330,84
2025-03-02,11:00:00,2,7,6,5,3,327,86
2025-03-02,12:00:00,2,7,6,4,3,324,89
2025-03-02,13:00:00,2,9,8,4,3,320,94
2025-03-02,14:00:00,2,12,11,8,6,350,93
2025-03-02,15:00:00,2,11,10,10,7,340,93
2025-03-02,16:00:00,2,10,9,11,8,330,92
2025-03-02,17:00:00,2,9,8,12,7,330,92
2025-03-02,18:00:00,2,9,8,13,6,337,92
2025-03-02,19:00:00,2,9,8,10,4,337,91
2025-03-02,20:00:00,2,9,8,9,4,334,89
2025-03-02,21:00:00,2,9,8,9,3,334,86
2025-03-02,22:00:00,2,10,9,10,3,344,82
2025-03-02,23:00:00,2,11,10,10,3,347,77
2025-03-03,00:00:00,2,11,10,8,2,350,73
2025-03-03,01:00:00,2,12,11,7,2,350,70
2025-03-03,02:00:00,2,12,11,7,1,354,67
2025-03-03,03:00:00,2,13,12,7,1,357,64
2025-03-03,04:00:00,2,13,12,7,1,357,62
2025-03-03,05:00:00,2,13,12,7,1,354,61
2025-03-03,06:00:00,2,13,12,8,2,357,59
2025-03-03,07:00:00,2,13,12,9,2,360,61
2025-03-03,08:00:00,2,14,12,10,2,367,62
2025-03-03,09:00:00,2,14,12,10,3,367,63
2025-03-03,10:00:00,2,14,12,9,3,367,66
2025-03-03,11:00:00,2,14,11,8,3,364,71
2025-03-03,12:00:00,2,13,11,7,2,350,77
2025-03-03,13:00:00,2,13,10,6,4,324,89
2025-03-03,14:00:00,2,20,18,7,5,364,94
2025-03-03,15:00:00,2,25,22,11,8,397,99
2025-03-03,16:00:00,3,28,25,16,10,417,99
2025-03-03,17:00:00,3,29,26,21,11,434,90
2025-03-03,18:00:00,3,29,26,26,10,441,75
2025-03-03,19:00:00,2,25,23,23,8,424,66
2025-03-03,20:00:00,2,21,20,24,13,411,62
2025-03-03,21:00:00,2,24,22,28,21,441,57
2025-03-03,22:00:00,2,25,23,20,15,414,63
2025-03-03,23:00:00,2,20,19,12,10,357,74
2025-03-04,00:00:00,2,17,16,8,10,324,80
2025-03-04,01:00:00,2,17,16,6,8,314,81
2025-03-04,02:00:00,2,20,19,6,7,320,79
2025-03-04,03:00:00,2,22,22,5,7,330,75
2025-03-04,04:00:00,2,23,22,6,6,340,69
2025-03-04,05:00:00,2,22,21,6,5,347,62
2025-03-04,06:00:00,2,20,19,7,5,357,57
2025-03-04,07:00:00,2,19,17,7,4,367,55
2025-03-04,08:00:00,2,17,16,7,5,374,56
2025-03-04,09:00:00,2,13,12,7,5,360,64
2025-03-04,10:00:00,2,9,9,6,7,317,75
2025-03-04,11:00:00,2,10,9,5,7,294,77
2025-03-04,12:00:00,2,8,8,4,5,287,79
2025-03-04,13:00:00,2,9,8,3,6,280,80
2025-03-04,14:00:00,2,12,12,5,6,297,78
2025-03-04,15:00:00,2,12,11,4,5,294,80
2025-03-04,16:00:00,2,11,10,3,4,290,82
2025-03-04,17:00:00,2,9,9,3,3,284,82
2025-03-04,18:00:00,2,8,8,3,3,280,82
2025-03-04,19:00:00,2,8,8,3,2,277,82
2025-03-04,20:00:00,2,8,8,3,2,277,82
2025-03-04,21:00:00,2,8,7,3,2,277,82
2025-03-04,22:00:00,2,8,7,3,2,274,83
2025-03-04,23:00:00,2,8,7,2,2,270,84
2025-03-05,00:00:00,2,8,7,2,2,267,86
2025-03-05,01:00:00,2,10,9,2,2,267,87
2025-03-05,02:00:00,2,12,11,2,3,267,87
2025-03-05,03:00:00,2,15,14,2,4,270,86
2025-03-05,04:00:00,2,18,17,2,5,274,87
2025-03-05,05:00:00,2,19,19,2,4,277,87
2025-03-05,06:00:00,2,20,19,2,5,280,88
2025-03-05,07:00:00,2,20,19,3,5,284,88
2025-03-05,08:00:00,2,22,21,3,5,290,87
2025-03-05,09:00:00,2,24,23,4,5,297,87
2025-03-05,10:00:00,2,24,23,4,4,294,88
2025-03-05,11:00:00,2,23,22,3,5,284,90
2025-03-05,12:00:00,2,20,19,5,9,277,89
2025-03-05,13:00:00,2,16,15,7,16,277,87
2025-03-05,14:00:00,2,13,13,6,14,274,89
2025-03-05,15:00:00,2,14,13,6,15,270,89
2025-03-05,16:00:00,2,15,14,6,16,270,89
2025-03-05,17:00:00,2,15,14,7,13,270,86
2025-03-05,18:00:00,2,15,14,7,8,277,83
2025-03-05,19:00:00,2,16,15,6,5,280,81
2025-03-05,20:00:00,2,17,16,6,4,287,78
2025-03-05,21:00:00,2,18,17,6,3,294,76
2025-03-05,22:00:00,2,20,18,6,3,300,74
2025-03-05,23:00:00,2,20,19,6,3,304,73
2025-03-06,00:00:00,2,21,19,5,2,307,73
2025-03-06,01:00:00,2,21,19,5,2,310,75
2025-03-06,02:00:00,2,22,21,5,3,314,79
2025-03-06,03:00:00,2,26,25,5,5,314,81
2025-03-06,04:00:00,3,30,28,5,5,310,82
2025-03-06,05:00:00,3,31,30,4,4,307,82
2025-03-06,06:00:00,3,31,30,4,4,304,83
2025-03-06,07:00:00,3,30,28,4,3,300,86
2025-03-06,08:00:00,2,26,25,4,4,304,88
2025-03-06,09:00:00,2,23,22,5,8,304,90
2025-03-06,10:00:00,2,22,21,7,13,300,92
2025-03-06,11:00:00,2,22,21,7,16,297,96
2025-03-06,12:00:00,2,22,21,6,17,290,99
2025-03-06,13:00:00,3,23,22,5,16,287,104
2025-03-06,14:00:00,3,18,17,5,9,287,103
2025-03-06,15:00:00,3,18,17,4,7,287,103
2025-03-06,16:00:00,3,17,17,4,6,284,104
2025-03-06,17:00:00,3,17,16,4,5,280,104
2025-03-06,18:00:00,3,17,17,5,5,284,104
2025-03-06,19:00:00,3,19,18,5,4,287,104
2025-03-06,20:00:00,3,20,19,4,4,290,103
2025-03-06,21:00:00,3,21,20,4,4,294,102
2025-03-06,22:00:00,3,21,20,5,4,297,100
2025-03-06,23:00:00,3,22,21,4,4,297,100
2025-03-07,00:00:00,2,23,22,4,4,300,99
2025-03-07,01:00:00,2,24,22,4,4,304,97
2025-03-07,02:00:00,2,25,23,4,5,304,94
2025-03-07,03:00:00,2,26,25,4,5,307,92
2025-03-07,04:00:00,3,27,26,4,6,310,88
2025-03-07,05:00:00,3,28,27,4,6,310,84
2025-03-07,06:00:00,3,29,28,5,6,310,81
2025-03-07,07:00:00,3,29,28,6,5,314,78
2025-03-07,08:00:00,3,28,27,7,6,317,77
2025-03-07,09:00:00,3,27,26,7,7,320,79
2025-03-07,10:00:00,2,26,24,6,9,317,82
2025-03-07,11:00:00,2,26,25,5,9,314,86
2025-03-07,12:00:00,3,27,26,5,10,304,92
2025-03-07,13:00:00,3,29,27,4,11,300,100
2025-03-07,14:00:00,3,32,29,5,13,307,103
2025-03-07,15:00:00,3,34,31,5,13,317,104
2025-03-07,16:00:00,3,35,33,5,12,334,106
2025-03-07,17:00:00,3,36,34,6,10,340,103
2025-03-07,18:00:00,3,35,33,6,6,344,100
2025-03-07,19:00:00,3,33,31,6,4,340,94
2025-03-07,20:00:00,3,31,29,6,3,337,88
2025-03-07,21:00:00,3,29,27,5,3,334,83
2025-03-07,22:00:00,2,26,24,5,3,327,79
2025-03-07,23:00:00,2,23,21,5,4,320,77
2025-03-08,00:00:00,2,23,21,6,5,327,74
2025-03-08,01:00:00,2,24,23,7,4,357,70
2025-03-08,02:00:00,2,24,22,6,2,370,69
2025-03-08,03:00:00,2,22,20,5,1,354,69
2025-03-08,04:00:00,2,19,18,4,1,327,68
2025-03-08,05:00:00,2,18,17,4,1,310,67
2025-03-08,06:00:00,2,18,17,4,1,310,64
2025-03-08,07:00:00,2,19,17,5,1,317,63
2025-03-08,08:00:00,2,19,18,5,1,320,63
2025-03-08,09:00:00,2,20,18,5,1,317,67
2025-03-08,10:00:00,2,21,19,4,2,310,76
2025-03-08,11:00:01,2,23,21,3,2,307,82
2025-03-08,12:00:00,2,25,23,3,2,304,90
2025-03-08,13:00:00,3,23,22,2,3,277,107
2025-03-08,14:00:00,3,22,21,2,3,267,113
2025-03-08,15:00:00,3,22,20,2,3,267,117
2025-03-08,16:00:00,3,21,19,2,3,270,112
2025-03-08,17:00:00,3,20,19,4,3,280,100
2025-03-08,18:00:00,2,19,17,5,2,290,87
2025-03-08,19:00:00,2,18,17,7,2,304,76
2025-03-08,20:00:00,2,19,17,8,1,317,69
2025-03-08,21:00:00,2,21,19,8,1,330,67
2025-03-08,22:00:00,2,21,20,6,1,320,69
2025-03-08,23:00:00,2,18,17,5,1,307,70
2025-03-09,00:00:00,2,15,14,4,1,294,70
2025-03-09,01:00:00,2,15,14,3,1,290,68
2025-03-09,02:00:00,2,16,15,3,1,294,66
2025-03-09,03:00:00,2,16,15,3,1,290,67
2025-03-09,04:00:00,2,15,14,3,1,287,69
2025-03-09,05:00:00,2,13,12,3,1,284,70
2025-03-09,06:00:00,2,11,10,3,1,284,69
2025-03-09,07:00:00,2,10,9,3,1,284,67
2025-03-09,08:00:00,2,9,8,4,1,287,66
2025-03-09,09:00:00,2,8,8,3,1,284,67
2025-03-09,10:00:00,2,7,7,3,2,277,70
2025-03-09,11:00:01,2,7,6,2,2,274,74
2025-03-09,12:00:00,2,6,5,2,1,267,79
2025-03-09,13:00:00,2,6,6,1,2,260,88
2025-03-09,14:00:00,3,29,28,1,3,304,93
2025-03-09,15:00:00,2,25,25,1,3,294,91
2025-03-09,16:00:00,2,23,22,1,2,290,88
2025-03-09,17:00:00,2,22,21,2,2,294,84
2025-03-09,18:00:00,2,22,21,3,2,300,80
2025-03-09,19:00:00,2,23,22,3,2,307,77
2025-03-09,20:00:00,2,24,23,3,2,314,74
2025-03-09,21:00:00,2,24,23,3,1,314,72
2025-03-09,22:00:00,2,24,23,4,1,314,69
2025-03-09,23:00:00,2,23,22,4,1,314,66
2025-03-10,00:00:00,2,23,22,3,1,314,64
2025-03-10,01:00:00,2,22,22,3,1,310,62
2025-03-10,02:00:00,2,22,21,3,1,310,59
2025-03-10,03:00:00,2,22,21,3,1,314,57
2025-03-10,04:00:00,2,24,23,3,1,330,59
2025-03-10,05:00:00,3,29,28,3,1,367,62
2025-03-10,06:00:00,3,37,36,3,1,424,67
2025-03-10,07:00:00,3,47,46,3,2,494,72
2025-03-10,08:00:00,4,56,55,4,1,547,75
2025-03-10,09:00:00,4,61,60,4,1,574,79
2025-03-10,10:00:00,4,60,59,3,2,561,87
2025-03-10,11:00:00,4,58,56,3,2,541,91
2025-03-10,12:00:00,4,52,51,2,2,507,93
2025-03-10,13:00:00,3,42,41,2,2,447,97
2025-03-10,14:00:00,2,15,12,4,4,274,79
2025-03-10,15:00:00,2,16,12,4,4,270,79
2025-03-10,16:00:00,2,15,12,5,4,274,76
2025-03-10,17:00:00,2,15,12,5,3,280,74
2025-03-10,18:00:00,2,14,12,5,3,284,73
2025-03-10,19:00:00,2,14,11,5,2,284,73
2025-03-10,20:00:00,2,14,11,5,2,287,71
2025-03-10,21:00:00,2,14,11,5,2,287,69
2025-03-10,22:00:00,2,14,11,6,2,290,66
2025-03-10,23:00:00,2,14,11,5,2,290,64
2025-03-11,00:00:00,2,14,12,5,1,290,63
2025-03-11,01:00:00,2,15,12,6,2,290,61
2025-03-11,02:00:00,2,16,13,7,2,297,58
2025-03-11,03:00:00,2,16,14,9,2,304,55
2025-03-11,04:00:00,2,16,14,9,2,310,53
2025-03-11,05:00:00,2,16,15,8,1,317,51
2025-03-11,06:00:00,2,17,16,7,1,324,51
2025-03-11,07:00:00,2,18,17,7,1,327,54
2025-03-11,08:00:00,2,17,16,6,1,314,59
2025-03-11,09:00:00,2,15,14,5,1,294,64
2025-03-11,10:00:00,2,14,13,4,1,284,69
2025-03-11,11:00:00,2,16,15,4,1,284,75
2025-03-11,12:00:00,2,19,19,3,1,287,81
2025-03-11,13:00:01,2,22,21,2,1,294,89
2025-03-11,14:00:00,3,32,31,2,2,310,93
2025-03-11,15:00:00,3,32,30,2,2,307,96
2025-03-11,16:00:00,3,31,29,2,2,307,99
2025-03-11,17:00:00,3,33,31,3,2,317,99
2025-03-11,18:00:00,3,34,33,5,2,320,97
2025-03-11,19:00:00,3,33,32,5,2,320,96
2025-03-11,20:00:00,3,32,30,6,2,317,93
2025-03-11,21:00:00,3,30,29,6,2,314,89
2025-03-11,22:00:00,3,29,27,7,2,317,84
2025-03-11,23:00:00,3,26,25,7,1,317,79
2025-03-12,00:00:00,2,24,23,6,1,314,74
2025-03-12,01:00:00,2,21,20,5,1,307,72
2025-03-12,02:00:00,2,18,18,4,1,297,74
2025-03-12,03:00:00,2,15,15,4,1,284,80
2025-03-12,04:00:00,2,13,13,4,1,277,86
2025-03-12,05:00:00,2,13,12,4,1,277,89
2025-03-12,06:00:00,2,14,13,5,1,284,88
2025-03-12,07:00:00,2,16,15,9,2,307,85
2025-03-12,08:00:00,2,18,17,12,2,327,82
2025-03-12,09:00:00,2,20,19,12,3,330,84
2025-03-12,10:00:00,2,21,20,10,3,320,89
2025-03-12,11:00:00,2,20,19,7,3,304,94
2025-03-12,12:00:00,3,17,16,5,2,284,103
2025-03-12,13:00:00,3,13,12,2,1,264,114
2025-03-12,14:00:00,3,12,12,1,1,250,123
2025-03-12,15:00:00,3,13,13,1,1,247,127
2025-03-12,16:00:00,3,16,16,1,2,250,127
2025-03-12,17:00:00,3,20,18,2,2,257,124
2025-03-12,18:00:00,3,23,20,2,2,260,120
2025-03-12,19:00:00,3,24,21,2,2,264,114
2025-03-12,20:00:00,3,25,22,2,2,264,110
2025-03-12,21:00:00,3,26,22,2,2,264,107
2025-03-12,22:00:00,3,26,23,2,2,264,104
2025-03-12,23:00:00,3,26,23,2,1,267,103
2025-03-13,00:00:00,3,25,22,2,1,267,100
2025-03-13,01:00:00,2,23,22,2,1,267,99
2025-03-13,02:00:00,2,22,21,2,1,270,97
2025-03-13,03:00:00,2,21,20,2,1,270,94
2025-03-13,04:00:00,2,21,20,3,1,274,93
2025-03-13,05:00:00,2,21,20,3,1,277,90
2025-03-13,06:00:00,2,23,22,4,1,284,87
2025-03-13,07:00:00,2,25,24,6,2,297,83
2025-03-13,08:00:00,3,28,26,9,2,314,78
2025-03-13,09:00:00,3,30,28,10,2,327,74
2025-03-13,10:00:01,3,33,30,13,3,354,71
2025-03-13,11:00:00,3,37,33,16,4,384,72
2025-03-13,12:00:00,3,39,35,16,6,387,81
2025-03-13,13:00:00,3,39,34,8,6,314,113
2025-03-13,14:00:00,3,24,23,5,3,284,109
2025-03-13,15:00:00,3,25,23,6,4,287,113
2025-03-13,16:00:00,3,25,23,9,5,307,110
2025-03-13,17:00:00,2,26,24,20,7,370,96
2025-03-13,18:00:00,2,27,25,34,10,461,81
2025-03-13,19:00:00,3,29,26,42,12,514,69
2025-03-13,20:00:00,3,29,26,42,9,507,64
2025-03-13,21:00:00,3,28,26,34,7,447,68
2025-03-13,22:00:00,2,26,24,23,6,384,79
2025-03-13,23:00:00,2,25,24,16,4,344,87
2025-03-14,00:00:00,2,25,22,9,3,314,92
2025-03-14,01:00:00,2,23,20,5,2,290,97
2025-03-14,02:00:00,3,20,18,4,2,277,102
2025-03-14,03:00:00,3,18,17,3,1,270,107
2025-03-14,04:00:00,3,18,17,3,1,267,109
2025-03-14,05:00:00,3,17,17,3,1,270,104
2025-03-14,06:00:00,3,18,17,4,1,277,100
2025-03-14,07:00:00,2,19,18,6,2,290,96
2025-03-14,08:00:00,2,20,18,7,2,297,93
2025-03-14,09:00:00,2,21,19,7,2,297,93
2025-03-14,10:00:00,2,23,20,5,2,290,94
2025-03-14,11:00:00,2,25,21,4,2,284,99
2025-03-14,12:00:00,3,27,21,3,2,277,106
2025-03-14,13:00:00,3,38,24,2,2,267,116
2025-03-14,14:00:00,3,34,26,2,2,270,122
2025-03-14,15:00:00,3,35,27,2,2,267,124
2025-03-14,16:00:00,3,36,28,2,2,270,126
2025-03-14,17:00:00,3,37,29,3,3,277,123
2025-03-14,18:00:00,3,37,30,3,3,280,120
2025-03-14,19:00:00,3,35,29,4,2,280,114
2025-03-14,20:00:00,3,34,28,4,2,280,107
2025-03-14,21:00:00,3,33,27,4,2,284,103
2025-03-14,22:00:00,3,32,27,4,2,284,99
2025-03-14,23:00:00,3,32,26,4,2,284,94
2025-03-15,00:00:00,3,32,25,4,1,280,91
2025-03-15,01:00:00,3,32,25,3,1,277,88
2025-03-15,02:00:00,2,32,25,3,1,274,85
2025-03-15,03:00:00,2,33,25,3,1,274,82
2025-03-15,04:00:00,2,33,25,3,1,274,80
2025-03-15,05:00:00,2,32,24,3,1,274,79
2025-03-15,06:00:00,2,32,23,4,1,277,78
2025-03-15,07:00:00,2,31,22,6,1,287,77
2025-03-15,08:00:00,2,29,22,7,1,294,78
2025-03-15,09:00:00,2,30,22,5,1,287,83
2025-03-15,10:00:00,2,35,24,3,2,270,96
2025-03-15,11:00:00,3,37,25,2,2,264,103
2025-03-15,12:00:00,3,38,26,2,2,264,107
2025-03-15,13:00:00,3,44,27,1,3,257,120
2025-03-15,14:00:00,3,47,24,1,1,257,109
2025-03-15,15:00:00,3,48,26,1,2,254,116
2025-03-15,16:00:00,3,47,29,2,3,257,124
2025-03-15,17:00:00,3,42,31,3,3,267,124
2025-03-15,18:00:00,3,38,29,4,3,274,119
2025-03-15,19:00:00,3,34,27,4,2,274,114
2025-03-15,20:00:00,3,30,24,3,2,267,110
2025-03-15,21:00:00,3,29,22,3,1,260,107
2025-03-15,22:00:00,3,31,23,2,1,260,110
2025-03-15,23:00:00,3,34,24,2,1,264,113
2025-03-16,00:00:00,3,36,25,2,1,267,113
2025-03-16,01:00:00,3,38,26,2,1,267,113
2025-03-16,02:00:00,3,39,27,2,1,267,113
2025-03-16,03:00:00,3,40,28,2,1,267,113
2025-03-16,04:00:00,3,41,29,2,1,267,110
2025-03-16,05:00:00,3,40,29,2,1,267,107
2025-03-16,06:00:00,3,38,29,2,1,270,104
2025-03-16,07:00:00,3,35,28,3,1,270,103
2025-03-16,08:00:00,3,32,27,3,1,274,106
2025-03-16,09:00:00,3,31,25,2,1,270,110
2025-03-16,10:00:00,3,30,22,2,1,264,116
2025-03-16,11:00:00,3,28,20,1,1,254,119
2025-03-16,12:00:00,3,26,18,1,1,250,120
2025-03-16,13:00:00,3,23,16,1,1,244,123
2025-03-16,14:00:00,3,34,28,1,2,267,120
2025-03-16,15:00:00,3,33,29,1,2,270,120
2025-03-16,16:00:00,3,32,29,2,2,270,119
2025-03-16,17:00:00,3,30,28,2,2,270,117
2025-03-16,18:00:00,3,29,26,3,2,267,114
2025-03-16,19:00:00,3,27,24,3,2,267,112
2025-03-16,20:00:00,3,27,23,3,2,264,109
2025-03-16,21:00:00,3,27,22,3,2,264,104
2025-03-16,22:00:00,3,26,22,3,1,264,102
2025-03-16,23:00:00,3,25,21,2,1,264,100
2025-03-17,00:00:00,2,23,20,2,1,264,99
2025-03-17,01:00:00,2,22,20,2,1,267,99
2025-03-17,02:00:00,2,23,20,2,1,267,99
2025-03-17,03:00:00,2,26,21,2,1,270,97
2025-03-17,04:00:00,2,28,23,2,1,274,99
2025-03-17,05:00:00,2,31,25,2,1,280,97
2025-03-17,06:00:00,3,33,28,2,1,290,93
2025-03-17,07:00:00,3,34,30,3,1,297,90
2025-03-17,08:00:00,3,34,30,3,1,304,87
2025-03-17,09:00:00,3,33,30,3,2,304,86
2025-03-17,10:00:00,3,35,28,3,2,300,87
2025-03-17,11:00:00,3,34,27,3,3,294,86
2025-03-17,12:00:00,3,30,26,3,4,307,79
2025-03-17,13:00:00,2,25,23,6,7,350,72
2025-03-17,14:00:00,2,5,4,1,2,284,86
2025-03-17,15:00:00,2,7,6,1,4,287,91
2025-03-17,16:00:00,2,9,9,4,8,310,86
2025-03-17,17:00:01,2,14,13,9,11,344,76
2025-03-17,18:00:00,2,17,16,11,10,344,74
2025-03-17,19:00:00,2,17,15,11,9,340,67
2025-03-17,20:00:00,2,14,12,10,6,337,63
2025-03-17,21:00:00,2,10,9,7,4,327,64
2025-03-17,22:00:00,2,7,7,4,2,317,64
2025-03-17,23:00:00,2,6,5,4,1,324,60
2025-03-18,00:00:00,1,6,5,4,3,320,57
2025-03-18,01:00:00,1,6,5,5,3,317,57
2025-03-18,02:00:00,1,5,4,4,2,317,57
2025-03-18,03:00:00,1,4,4,3,1,314,57
2025-03-18,04:00:00,1,3,3,2,1,307,57
2025-03-18,05:00:00,1,3,2,2,1,300,56
2025-03-18,06:00:00,1,2,2,2,1,297,54
2025-03-18,07:00:00,1,2,2,3,2,300,53
2025-03-18,08:00:00,1,2,2,3,2,297,53
2025-03-18,09:00:00,1,2,2,3,2,297,55
2025-03-18,10:00:00,2,2,2,4,2,297,61
2025-03-18,11:00:00,2,2,2,3,2,297,64
2025-03-18,12:00:00,1,3,3,3,1,314,58
2025-03-18,13:00:00,1,3,3,3,1,327,53
2025-03-18,14:00:00,1,2,2,1,0,300,59
2025-03-18,15:00:00,2,2,2,1,1,300,60
2025-03-18,16:00:00,2,3,3,2,1,300,60
2025-03-18,17:00:00,2,3,3,2,2,294,65
2025-03-18,18:00:00,2,3,3,2,3,284,74
2025-03-18,19:00:00,2,2,2,2,2,274,81
2025-03-18,20:00:00,2,2,2,2,1,270,81
2025-03-18,21:00:00,2,2,2,1,1,270,81
2025-03-18,22:00:00,2,3,2,2,0,274,79
2025-03-18,23:00:00,2,3,2,2,0,277,74
2025-03-19,00:00:00,2,3,3,3,0,277,70
2025-03-19,01:00:00,2,3,3,3,0,280,65
2025-03-19,02:00:00,2,4,3,3,0,284,60
2025-03-19,03:00:00,1,4,3,4,0,287,56
2025-03-19,04:00:00,1,4,3,4,0,287,54
2025-03-19,05:00:00,1,5,4,4,0,290,52
2025-03-19,06:00:00,1,6,4,5,1,307,46
2025-03-19,07:00:00,1,8,6,10,2,350,39
2025-03-19,08:00:00,1,10,7,16,3,394,32
2025-03-19,09:00:00,1,11,8,19,3,421,31
2025-03-19,10:00:00,2,7,5,11,7,314,73
2025-03-19,11:00:00,2,5,4,9,7,287,82
2025-03-19,12:00:00,2,4,3,6,5,277,88
2025-03-19,13:00:00,2,4,3,5,4,274,91
2025-03-19,14:00:00,2,3,3,3,2,267,88
2025-03-19,15:00:00,2,2,2,2,2,264,92
2025-03-19,16:00:00,2,2,2,2,1,264,93
2025-03-19,17:00:00,2,2,2,2,1,264,91
2025-03-19,18:00:00,2,3,3,2,2,264,87
2025-03-19,19:00:00,2,5,5,3,4,267,82
2025-03-19,20:00:00,2,7,7,5,6,274,76
2025-03-19,21:00:00,2,8,8,5,8,277,77
2025-03-19,22:00:00,2,8,7,4,9,274,79
2025-03-19,23:00:00,2,7,7,4,10,270,81
2025-03-20,00:00:00,2,7,6,3,10,267,86
2025-03-20,01:00:00,2,6,6,3,7,267,89
2025-03-20,02:00:00,2,7,6,2,4,270,89
2025-03-20,03:00:00,2,7,6,2,3,270,87
2025-03-20,04:00:00,2,7,6,2,2,270,86
2025-03-20,05:00:00,2,7,6,2,2,270,84
2025-03-20,06:00:00,2,7,6,3,2,274,82
2025-03-20,07:00:00,2,7,6,4,2,277,79
2025-03-20,08:00:00,2,7,6,4,2,277,81
2025-03-20,09:00:00,2,7,6,4,3,277,84
2025-03-20,10:00:00,2,6,5,4,4,270,89
2025-03-20,11:00:00,2,6,5,3,5,270,93
2025-03-20,12:00:00,2,6,5,2,5,264,99
2025-03-20,13:00:00,3,4,3,1,3,254,109
2025-03-20,14:00:00,3,3,3,1,2,250,110
2025-03-20,15:00:00,3,3,2,1,2,250,113
2025-03-20,16:00:00,3,2,2,1,2,250,110
2025-03-20,17:00:00,3,3,2,2,2,257,102
2025-03-20,18:00:00,2,5,4,4,2,267,94
2025-03-20,19:00:00,2,8,7,6,3,280,87
2025-03-20,20:00:00,2,12,11,9,4,294,79
2025-03-20,21:00:00,2,15,13,11,4,304,73
2025-03-20,22:00:00,2,16,14,13,4,317,68
2025-03-20,23:00:00,2,16,14,13,4,324,64
2025-03-21,00:00:00,2,17,16,12,4,324,62
2025-03-21,01:00:00,2,19,18,11,3,330,59
2025-03-21,02:00:00,2,22,20,10,3,337,57
2025-03-21,03:00:00,2,25,24,9,3,350,58
2025-03-21,04:00:00,3,29,27,8,3,370,59
2025-03-21,05:00:00,3,29,27,8,3,374,59
2025-03-21,06:00:00,2,26,25,7,2,370,58
2025-03-21,07:00:00,2,22,21,8,2,364,57
2025-03-21,08:00:00,2,18,16,8,1,354,56
2025-03-21,09:00:00,2,15,13,7,2,340,59
2025-03-21,10:00:00,2,14,12,5,3,320,67
2025-03-21,11:00:00,2,15,13,6,4,320,69
2025-03-21,12:00:00,2,16,14,7,5,320,73
2025-03-21,13:00:00,2,6,5,2,3,264,99
2025-03-21,14:00:00,3,3,2,1,1,250,106
2025-03-21,15:00:00,3,2,2,0,1,247,106
2025-03-21,16:00:00,3,3,2,1,1,254,100
2025-03-21,17:00:00,2,3,3,3,1,267,90
2025-03-21,18:00:00,2,4,3,4,1,277,81
2025-03-21,19:00:00,2,5,3,6,2,287,72
2025-03-21,20:00:00,2,5,4,7,2,297,64
2025-03-21,21:00:00,1,6,4,8,2,304,58
2025-03-21,22:00:00,1,6,5,8,1,314,54
2025-03-21,23:00:00,1,7,5,10,1,334,48
2025-03-22,00:00:00,1,7,6,11,1,350,43
2025-03-22,01:00:00,1,7,6,11,1,350,40
2025-03-22,02:00:00,1,7,6,10,1,344,39
2025-03-22,03:00:00,1,7,6,9,1,334,37
2025-03-22,04:00:00,1,6,5,8,1,324,35
2025-03-22,05:00:00,1,6,5,7,1,317,34
2025-03-22,06:00:00,1,6,5,6,1,314,34
2025-03-22,07:00:00,1,6,5,7,1,317,32
2025-03-22,08:00:00,1,6,4,6,1,317,34
2025-03-22,09:00:00,1,5,4,5,1,317,38
2025-03-22,10:00:00,2,5,4,4,1,290,67
2025-03-22,11:00:00,2,6,5,3,1,290,77
2025-03-22,12:00:00,2,7,6,2,1,284,88
2025-03-22,13:00:00,3,3,3,1,1,254,102
2025-03-22,14:00:00,3,3,2,1,1,254,102
2025-03-22,15:00:00,3,2,2,1,1,250,102
2025-03-22,16:00:00,2,2,2,1,1,254,99
2025-03-22,17:00:00,2,2,2,2,1,257,94
2025-03-22,18:00:00,2,3,2,2,1,257,91
2025-03-22,19:00:00,2,3,2,3,2,260,88
2025-03-22,20:00:00,2,3,2,4,2,267,85
2025-03-22,21:00:00,2,3,3,4,2,274,82
2025-03-22,22:00:00,2,4,3,4,2,277,77
2025-03-22,23:00:00,2,4,3,4,1,277,72
2025-03-23,00:00:00,2,4,3,4,1,277,67
2025-03-23,01:00:00,2,4,3,3,1,274,64
2025-03-23,02:00:00,2,4,3,3,1,274,62
2025-03-23,03:00:00,1,4,3,3,1,274,59
2025-03-23,04:00:00,1,4,3,3,1,274,59
2025-03-23,05:00:00,2,4,3,3,1,274,61
2025-03-23,06:00:00,2,4,3,3,1,277,62
2025-03-23,07:00:00,2,4,4,4,1,280,62
2025-03-23,08:00:00,2,4,3,4,1,284,63
2025-03-23,09:00:00,2,4,3,4,1,287,65
2025-03-23,10:00:00,2,4,4,4,1,287,68
2025-03-23,11:00:00,2,5,4,4,2,290,68
2025-03-23,12:00:00,2,6,5,4,2,290,69
2025-03-23,13:00:00,2,4,3,2,1,260,91
2025-03-23,14:00:00,3,3,3,1,1,254,106
2025-03-23,15:00:00,3,2,2,1,1,250,106
2025-03-23,16:00:00,3,2,2,1,1,250,104
2025-03-23,17:00:00,3,2,1,1,1,250,103
2025-03-23,18:00:00,3,2,1,1,1,254,102
2025-03-23,19:00:00,2,2,2,2,1,257,99
2025-03-23,20:00:00,2,3,2,2,1,264,96
2025-03-23,21:00:00,2,3,2,3,2,270,93
2025-03-23,22:00:00,2,3,3,4,2,277,89
2025-03-23,23:00:00,2,3,3,3,1,274,87
2025-03-24,00:00:00,2,3,2,3,1,270,84
2025-03-24,01:00:00,2,3,2,3,1,270,79
2025-03-24,02:00:00,2,3,2,3,1,270,73
2025-03-24,03:00:00,2,3,2,3,1,274,67
2025-03-24,04:00:00,2,3,3,4,0,277,63
2025-03-24,05:00:00,2,3,3,4,0,280,61
2025-03-24,06:00:00,2,4,3,4,1,284,60
2025-03-24,07:00:00,2,4,3,5,1,290,60
2025-03-24,08:00:00,2,4,3,6,1,294,60
2025-03-24,09:00:00,2,4,3,5,2,294,64
2025-03-24,10:00:00,2,4,3,5,3,277,77
2025-03-24,11:00:00,2,4,3,5,4,280,74
2025-03-24,12:00:00,2,4,4,5,4,277,74
2025-03-24,13:00:00,2,3,3,3,4,257,93
2025-03-24,14:00:00,2,3,3,3,3,257,99
2025-03-24,15:00:00,3,3,3,3,4,257,100
2025-03-24,16:00:00,2,3,3,4,4,257,99
2025-03-24,17:00:00,2,4,3,5,4,264,96
2025-03-24,18:00:00,2,4,3,5,3,267,93
2025-03-24,19:00:00,2,4,3,4,2,267,90
2025-03-24,20:00:00,2,4,3,4,2,270,87
2025-03-24,21:00:00,2,4,3,5,3,274,84
2025-03-24,22:00:00,2,4,4,5,2,274,80
2025-03-24,23:00:00,2,4,4,4,2,270,77
2025-03-25,00:00:00,2,4,4,3,1,267,75
2025-03-25,01:00:00,2,4,4,3,1,267,73
2025-03-25,02:00:00,2,4,3,3,1,267,72
2025-03-25,03:00:01,2,4,3,3,1,267,71
2025-03-25,04:00:00,2,4,3,3,1,264,71
2025-03-25,05:00:00,2,4,3,3,2,264,72
2025-03-25,06:00:00,2,4,3,4,2,267,72
2025-03-25,07:00:00,2,4,3,5,2,274,72
2025-03-25,08:00:00,2,4,3,6,3,277,72
2025-03-25,09:00:00,2,4,3,6,4,274,74
2025-03-25,10:00:00,2,4,3,8,5,267,75
2025-03-25,11:00:00,2,4,3,9,7,264,79
2025-03-25,12:00:00,2,4,3,10,8,260,81
2025-03-25,13:00:00,2,4,3,10,8,257,87
2025-03-25,14:00:00,2,5,3,11,9,260,85
2025-03-25,15:00:00,2,5,3,14,11,264,84
2025-03-25,16:00:00,2,5,4,17,13,274,81
2025-03-25,17:00:00,2,6,4,21,13,284,77
2025-03-25,18:00:00,2,6,5,22,12,290,73
2025-03-25,19:00:00,2,6,5,20,11,287,72
2025-03-25,20:00:00,2,6,5,19,10,284,71
2025-03-25,21:00:00,2,6,4,20,10,280,69
2025-03-25,22:00:00,2,5,4,19,8,277,69
2025-03-25,23:00:00,2,5,4,15,8,277,72
2025-03-26,00:00:00,2,6,5,11,7,277,78
2025-03-26,01:00:00,2,7,6,7,5,284,83
2025-03-26,02:00:00,2,9,8,5,3,294,87
2025-03-26,03:00:00,2,8,7,5,2,294,86
2025-03-26,04:00:00,2,7,6,5,2,284,86
2025-03-26,05:00:00,2,7,6,5,2,280,86
2025-03-26,06:00:00,2,7,7,6,2,284,85
2025-03-26,07:00:00,2,8,8,8,2,300,81
2025-03-26,08:00:00,2,10,9,9,2,304,78
2025-03-26,09:00:00,2,12,11,6,2,294,79
2025-03-26,10:00:00,2,18,16,3,1,287,82
2025-03-26,11:00:00,2,23,19,2,1,284,83
2025-03-26,12:00:00,2,26,22,2,1,284,86
2025-03-26,13:00:00,2,27,22,2,2,280,89
2025-03-26,14:00:00,2,22,20,4,2,304,74
2025-03-26,15:00:00,2,23,21,4,2,304,74
2025-03-26,16:00:00,2,22,20,5,2,300,72
2025-03-26,17:00:00,2,23,20,5,2,304,68
2025-03-26,18:00:00,2,22,20,6,2,304,64
2025-03-26,19:00:00,2,21,19,6,2,310,59
2025-03-26,20:00:00,2,22,19,6,1,317,51
2025-03-26,21:00:00,2,24,21,8,1,327,44
2025-03-26,22:00:00,2,26,24,11,2,350,37
2025-03-26,23:00:00,3,28,26,11,2,357,32
2025-03-27,00:00:00,3,29,27,9,1,350,29
2025-03-27,01:00:00,3,29,27,7,0,340,28
2025-03-27,02:00:00,3,29,27,6,0,337,26
2025-03-27,03:00:00,3,28,27,5,0,334,27
2025-03-27,04:00:00,2,27,25,5,0,334,28
2025-03-27,05:00:00,2,25,23,4,1,337,30
2025-03-27,06:00:00,2,25,22,5,1,340,34
2025-03-27,07:00:00,2,25,22,6,1,350,39
2025-03-27,08:00:00,2,25,23,10,2,374,36
2025-03-27,09:00:00,2,26,24,15,3,411,31
2025-03-27,10:00:00,3,28,26,22,7,427,34
2025-03-27,11:00:00,3,30,27,26,9,447,31
2025-03-27,12:00:00,3,30,27,27,9,454,31
2025-03-27,13:00:00,3,33,31,36,22,394,42
2025-03-27,14:00:00,2,16,15,15,13,304,87
2025-03-27,15:00:00,2,16,15,14,13,297,89
2025-03-27,16:00:00,2,16,15,14,12,300,87
2025-03-27,17:00:00,2,16,15,18,13,307,81
2025-03-27,18:00:00,2,15,14,24,15,324,74
2025-03-27,19:00:00,2,17,16,20,10,367,69
2025-03-27,20:00:00,2,19,17,12,4,394,67
2025-03-27,21:00:00,2,16,14,9,3,370,66
2025-03-27,22:00:00,2,12,10,11,2,344,63
2025-03-27,23:00:00,1,9,8,11,2,334,59
2025-03-28,00:00:00,1,8,7,9,1,327,54
2025-03-28,01:00:00,1,7,7,8,1,317,49
2025-03-28,02:00:00,1,7,6,7,1,304,46
2025-03-28,03:00:00,1,7,6,6,1,304,46
2025-03-28,04:00:00,1,8,7,5,1,307,47
2025-03-28,05:00:00,1,8,7,5,1,307,47
2025-03-28,06:00:00,1,9,8,6,1,314,45
2025-03-28,07:00:00,1,9,8,8,2,327,43
2025-03-28,08:00:00,1,9,7,9,2,327,43
2025-03-28,09:00:00,1,8,7,8,2,324,44
2025-03-28,10:00:00,1,8,7,8,2,320,44
2025-03-28,11:00:00,1,8,7,8,3,320,43
2025-03-28,12:00:00,1,9,7,7,3,314,46
2025-03-28,13:00:00,2,6,5,7,6,277,77
2025-03-28,14:00:00,2,6,5,2,1,270,65
2025-03-28,15:00:00,2,6,5,2,1,270,68
2025-03-28,16:00:00,2,5,4,2,1,264,74
2025-03-28,17:00:00,2,5,4,2,1,260,77
2025-03-28,18:00:00,2,4,4,2,1,260,78
2025-03-28,19:00:00,2,4,3,2,1,260,79
2025-03-28,20:00:00,2,4,3,3,1,264,79
2025-03-28,21:00:00,2,3,3,3,1,264,79
2025-03-28,22:00:00,2,3,2,3,1,264,80
2025-03-28,23:00:00,2,3,2,3,1,264,81
2025-03-29,00:00:00,2,3,2,2,1,260,79
2025-03-29,01:00:00,2,2,2,1,0,257,78
2025-03-29,02:00:00,2,2,2,1,0,254,78
2025-03-29,03:00:00,2,2,2,1,0,254,78
2025-03-29,04:00:00,2,2,2,1,0,254,78
2025-03-29,05:00:00,2,2,2,1,0,250,77
2025-03-29,06:00:00,2,2,2,1,0,250,76
2025-03-29,07:00:00,2,2,2,2,1,254,75
2025-03-29,08:00:00,2,2,2,2,1,254,76
2025-03-29,09:00:00,2,2,2,2,1,254,77
2025-03-29,10:00:00,2,2,2,2,1,254,79
2025-03-29,11:00:00,2,2,2,1,1,250,79
2025-03-29,12:00:00,2,2,2,1,0,250,78
2025-03-29,13:00:00,2,2,2,1,0,250,77
2025-03-29,14:00:00,2,4,3,1,0,250,82
2025-03-29,15:00:00,2,4,3,1,0,247,85
2025-03-29,16:00:00,2,4,3,1,0,247,84
2025-03-29,17:00:00,2,4,3,1,0,247,82
2025-03-29,18:00:00,2,4,3,1,0,250,79
2025-03-29,19:00:00,2,4,3,1,0,250,77
2025-03-29,20:00:00,2,4,4,1,0,250,78
2025-03-29,21:00:00,2,4,4,1,0,250,79
2025-03-29,22:00:00,2,4,4,1,0,250,82
2025-03-29,23:00:00,2,4,3,1,0,250,87
2025-03-30,00:00:00,2,4,4,1,0,250,89
2025-03-30,01:00:00,2,5,4,1,0,250,89
2025-03-30,02:00:00,2,5,5,1,0,250,87
2025-03-30,03:00:00,2,6,5,1,0,250,84
2025-03-30,04:00:00,2,6,5,1,0,250,82
2025-03-30,05:00:00,2,5,5,1,0,250,80
2025-03-30,06:00:00,2,5,5,1,0,250,79
2025-03-30,07:00:00,2,5,4,1,0,254,79
2025-03-30,08:00:00,2,5,5,1,0,257,80
2025-03-30,09:00:00,2,6,5,2,0,260,79
2025-03-30,10:00:00,2,6,5,2,1,260,77
2025-03-30,11:00:00,2,6,5,2,1,257,72
2025-03-30,12:00:00,2,6,5,1,1,254,69
2025-03-30,13:00:00,2,8,6,1,1,250,74
2025-03-30,14:00:00,2,7,6,1,1,250,90
2025-03-30,15:00:00,2,8,6,1,0,247,93
2025-03-30,16:00:00,2,8,7,1,0,247,93
2025-03-30,17:00:00,2,9,7,1,1,250,93
2025-03-30,18:00:00,2,10,8,1,1,250,91
2025-03-30,19:00:00,2,12,9,2,1,250,87
2025-03-30,20:00:00,2,15,10,2,1,254,81
2025-03-30,21:00:00,2,17,10,2,1,250,76
2025-03-30,22:00:00,2,21,11,2,1,250,74
2025-03-30,23:00:00,2,26,12,2,1,250,72
2025-03-31,00:00:00,2,28,13,2,1,250,71
2025-03-31,01:00:01,2,23,11,2,1,250,69
2025-03-31,02:00:00,2,17,10,2,1,250,67
2025-03-31,03:00:00,2,13,9,2,1,250,64
2025-03-31,04:00:00,2,10,7,2,1,254,61
2025-03-31,05:00:00,1,8,6,2,1,254,59
2025-03-31,06:00:00,2,10,6,2,1,257,60
2025-03-31,07:00:00,2,15,7,2,1,260,61
2025-03-31,08:00:00,2,17,8,3,1,264,60
2025-03-31,09:00:00,1,15,7,3,1,264,58
2025-03-31,10:00:00,1,14,7,3,1,260,57
2025-03-31,11:00:00,1,14,8,2,1,260,59
2025-03-31,12:00:00,2,15,8,2,1,260,65
2025-03-31,13:00:00,2,16,9,2,1,260,72
2025-03-31,14:00:00,2,21,10,2,1,267,67
2025-03-31,15:00:00,2,22,10,3,2,267,71
2025-03-31,16:00:00,2,23,11,3,2,267,74
2025-03-31,17:00:00,2,22,11,6,3,274,72
2025-03-31,18:00:00,2,21,11,15,7,287,67
2025-03-31,19:00:00,2,20,12,23,8,314,55
2025-03-31,20:00:00,2,20,13,29,7,347,41
2025-03-31,21:00:00,2,22,15,35,6,381,30
2025-03-31,22:00:00,2,22,17,40,5,414,21
2025-03-31,23:00:00,2,17,14,32,2,391,18
2025-04-01,00:00:00,1,9,8,13,1,317,30
2025-04-01,01:00:00,2,5,5,3,1,270,66
2025-04-01,02:00:00,2,5,5,2,1,274,64
2025-04-01,03:00:00,2,4,4,2,1,267,66
2025-04-01,04:00:00,2,4,4,2,1,260,72
2025-04-01,05:00:00,2,8,8,2,1,267,71
2025-04-01,06:00:00,2,13,12,2,2,274,70
2025-04-01,07:00:00,2,13,12,2,2,277,72
2025-04-01,08:00:00,2,10,10,2,2,274,73
2025-04-01,09:00:00,2,9,8,2,2,270,72
2025-04-01,10:00:00,2,8,8,2,2,270,71
2025-04-01,11:00:00,2,9,8,2,2,270,72
2025-04-01,12:00:00,2,9,8,2,2,270,77
2025-04-01,13:00:00,2,8,8,1,2,270,82
2025-04-01,14:00:00,2,8,7,1,1,270,85
2025-04-01,15:00:00,2,8,8,1,2,270,87
2025-04-01,16:00:00,2,10,9,2,2,274,85
2025-04-01,17:00:00,2,10,10,2,3,280,83
2025-04-01,18:00:00,2,11,11,3,3,284,82
2025-04-01,19:00:00,2,12,11,4,3,287,77
2025-04-01,20:00:00,2,11,11,5,2,294,72
2025-04-01,21:00:00,2,12,11,5,2,294,70
2025-04-01,22:00:00,2,12,12,5,2,297,64
2025-04-01,23:00:00,2,13,12,6,1,300,57
2025-04-02,00:00:00,2,13,13,6,1,300,51
2025-04-02,01:00:00,2,15,14,5,1,300,46
2025-04-02,02:00:01,2,16,15,6,1,304,44
2025-04-02,03:00:00,2,17,16,7,1,307,41
2025-04-02,04:00:00,2,18,17,8,2,310,39
2025-04-02,05:00:00,2,19,18,8,2,317,38
2025-04-02,06:00:00,2,20,19,9,3,324,35
2025-04-02,07:00:00,2,22,21,11,3,340,34
2025-04-02,08:00:00,2,24,22,11,3,347,34
2025-04-02,09:00:00,2,25,24,9,3,337,38
2025-04-02,10:00:00,2,25,24,11,7,317,53
2025-04-02,11:00:00,2,25,23,10,7,307,59
2025-04-02,12:00:00,2,25,23,9,8,300,69
2025-04-02,13:00:00,3,15,14,7,9,264,107
2025-04-02,14:00:00,3,10,10,4,6,257,120
2025-04-02,15:00:00,3,9,9,4,5,254,123
2025-04-02,16:00:00,3,9,8,6,5,264,112
2025-04-02,17:00:00,2,10,9,8,5,284,94
2025-04-02,18:00:00,2,11,9,13,5,310,83
2025-04-02,19:00:00,2,11,10,15,6,334,79
2025-04-02,20:00:00,2,11,10,12,5,330,81
2025-04-02,21:00:00,2,11,9,9,4,320,84
2025-04-02,22:00:00,2,10,9,6,2,307,85
2025-04-02,23:00:00,2,9,8,5,2,297,80
2025-04-03,00:00:00,2,9,8,5,1,294,75
2025-04-03,01:00:00,2,8,8,4,1,287,68
2025-04-03,02:00:00,2,8,7,3,1,284,61
2025-04-03,03:00:00,1,8,7,3,1,284,57
2025-04-03,04:00:00,1,8,8,3,1,287,54
2025-04-03,05:00:00,1,8,8,4,1,290,54
2025-04-03,06:00:00,1,8,7,4,1,290,53
2025-04-03,07:00:00,1,7,7,4,1,290,52
2025-04-03,08:00:00,1,7,6,4,1,290,50
2025-04-03,09:00:00,1,6,5,4,1,287,49
2025-04-03,10:00:00,1,6,5,4,1,287,50
2025-04-03,11:00:00,1,5,5,3,1,284,52
2025-04-03,12:00:00,1,5,4,3,1,284,54
2025-04-03,13:00:00,2,4,4,2,1,280,64
2025-04-03,14:00:00,2,4,4,1,0,284,67
2025-04-03,15:00:00,2,5,5,2,1,290,64
2025-04-03,16:00:00,2,7,6,3,4,297,62
2025-04-03,17:00:00,2,7,7,5,8,294,65
2025-04-03,18:00:00,2,6,6,4,7,284,69
2025-04-03,19:00:00,2,5,4,3,4,280,70
2025-04-03,20:00:00,2,5,4,2,2,280,71
2025-04-03,21:00:00,2,5,5,2,1,284,69
2025-04-03,22:00:00,2,6,5,2,1,287,67
2025-04-03,23:00:00,2,5,5,3,1,284,67
2025-04-04,00:00:00,2,5,4,3,1,280,67
2025-04-04,01:00:00,2,5,4,3,1,280,63
2025-04-04,02:00:00,1,5,4,3,1,284,58
2025-04-04,03:00:00,1,5,4,3,1,287,55
2025-04-04,04:00:00,1,5,4,3,1,287,52
2025-04-04,05:00:00,1,5,4,3,0,287,48
2025-04-04,06:00:00,1,6,4,4,1,294,44
2025-04-04,07:00:00,1,6,5,6,1,307,39
2025-04-04,08:00:00,1,6,4,7,1,314,35
2025-04-04,09:00:00,1,5,4,6,1,307,34
2025-04-04,10:00:01,1,4,3,3,1,290,57
2025-04-04,11:00:00,2,3,3,2,1,287,64
2025-04-04,12:00:00,2,4,3,2,1,284,73
2025-04-04,13:00:00,2,6,6,3,7,274,91
2025-04-04,14:00:00,2,9,8,3,10,274,97
2025-04-04,15:00:00,3,5,5,1,5,267,103
2025-04-04,16:00:00,3,2,2,1,2,264,103
2025-04-04,17:00:00,2,2,2,1,2,267,99
2025-04-04,18:00:00,2,4,4,2,2,277,93
2025-04-04,19:00:00,2,5,3,1,1,250,81
2025-04-04,20:00:00,2,5,4,1,1,250,82
2025-04-04,21:00:00,2,6,4,1,1,250,83
2025-04-04,22:00:00,2,6,5,1,1,250,83
2025-04-04,23:00:00,2,7,6,1,1,254,83
2025-04-05,00:00:00,2,8,6,2,1,257,82
2025-04-05,01:00:00,2,8,7,2,1,260,82
2025-04-05,02:00:00,2,8,8,2,0,267,82
2025-04-05,03:00:00,2,8,7,1,0,264,82
2025-04-05,04:00:00,2,7,6,1,0,260,81
2025-04-05,05:00:00,2,6,5,1,0,257,81
2025-04-05,06:00:00,2,5,5,1,1,257,80
2025-04-05,07:00:00,2,5,5,1,1,260,78
2025-04-05,08:00:00,2,5,5,2,1,260,76
2025-04-05,09:00:00,2,6,5,2,1,264,75
2025-04-05,10:00:00,2,7,6,1,1,260,78
2025-04-05,11:00:00,2,7,6,1,1,257,79
2025-04-05,12:00:00,2,7,6,1,1,254,80
2025-04-05,13:00:00,2,8,6,1,1,254,84
2025-04-05,14:00:00,2,8,6,1,1,250,89
2025-04-05,15:00:00,2,7,6,1,1,247,93
2025-04-05,16:00:00,2,7,5,1,1,247,96
2025-04-05,17:00:00,2,6,5,1,1,247,96
2025-04-05,18:00:00,2,7,5,1,1,250,93
2025-04-05,19:00:00,2,7,6,2,1,250,90
2025-04-05,20:00:00,2,9,7,2,1,254,85
2025-04-05,21:00:00,2,11,8,2,1,254,77
2025-04-05,22:00:00,2,11,8,2,1,254,67
2025-04-05,23:00:00,2,11,8,2,1,254,66
2025-04-06,00:00:00,2,12,9,2,1,254,70
2025-04-06,01:00:00,2,12,9,2,1,254,74
2025-04-06,02:00:00,2,12,8,2,1,254,76
2025-04-06,03:00:00,2,13,8,2,1,250,74
2025-04-06,04:00:00,2,16,10,2,1,250,68
2025-04-06,05:00:00,2,20,11,2,1,250,64
2025-04-06,06:00:00,2,23,11,2,1,250,64
2025-04-06,07:00:00,2,19,10,2,1,257,65
2025-04-06,08:00:00,2,15,9,3,1,264,64
2025-04-06,09:00:00,2,14,9,3,1,267,62
2025-04-06,10:00:00,2,15,8,3,1,264,60
2025-04-06,11:00:00,1,16,8,3,1,264,59
2025-04-06,12:00:00,2,18,9,3,1,264,60
2025-04-06,13:00:00,2,20,10,2,1,264,63
2025-04-06,14:00:00,2,21,10,2,1,267,67
2025-04-06,15:00:00,2,22,10,3,2,267,71
2025-04-06,16:00:00,2,23,11,3,2,267,74
2025-04-06,17:00:00,2,22,11,6,3,274,72
2025-04-06,18:00:00,2,21,11,15,7,287,67
2025-04-06,19:00:00,2,20,12,23,8,314,55
2025-04-06,20:00:00,2,20,13,29,7,347,41
2025-04-06,21:00:00,2,22,15,35,6,381,30
2025-04-06,22:00:00,2,22,17,40,5,414,21
2025-04-06,23:00:00,2,17,14,32,2,391,18
2025-04-07,00:00:00,1,9,8,13,1,317,30
2025-04-07,01:00:00,2,5,5,3,1,270,66
2025-04-07,02:00:00,2,5,5,2,1,274,64
2025-04-07,03:00:00,2,4,4,2,1,267,66
2025-04-07,04:00:00,2,4,4,2,1,260,72
2025-04-07,05:00:00,2,8,8,2,1,267,71
2025-04-07,06:00:00,2,13,12,2,2,274,70
2025-04-07,07:00:00,2,13,12,2,2,277,72
2025-04-07,08:00:00,2,10,10,2,2,274,73
2025-04-07,09:00:00,2,9,8,2,2,270,72
2025-04-07,10:00:00,2,8,8,2,2,270,71
2025-04-07,11:00:00,2,9,8,2,2,270,72
2025-04-07,12:00:00,2,9,8,2,2,270,77
2025-04-07,13:00:00,2,8,8,1,2,270,82
2025-04-07,14:00:00,2,8,7,1,1,270,85
2025-04-07,15:00:00,2,8,8,1,2,270,87
2025-04-07,16:00:00,2,10,9,2,2,274,85
2025-04-07,17:00:00,2,10,10,2,3,280,83
2025-04-07,18:00:00,2,11,11,3,3,284,82
2025-04-07,19:00:00,2,12,11,4,3,287,77
2025-04-07,20:00:00,2,11,11,5,2,294,72
2025-04-07,21:00:00,2,12,11,5,2,294,70
2025-04-07,22:00:00,2,12,12,5,2,297,64
2025-04-07,23:00:00,2,13,12,6,1,300,57
2025-04-08,00:00:00,2,13,13,6,1,300,51
2025-04-08,01:00:00,2,15,14,5,1,300,46
2025-04-08,02:00:00,2,16,15,6,1,304,44
2025-04-08,03:00:00,2,17,16,7,1,307,41
2025-04-08,04:00:00,2,18,17,8,2,310,39
2025-04-08,05:00:00,2,19,18,8,2,317,38
2025-04-08,06:00:00,2,20,19,9,3,324,35
2025-04-08,07:00:00,2,22,21,11,3,340,34
2025-04-08,08:00:00,2,24,22,11,3,347,34
2025-04-08,09:00:00,2,25,24,9,3,337,38
2025-04-08,10:00:00,2,25,24,11,7,317,53
2025-04-08,11:00:00,2,25,23,10,7,307,59
2025-04-08,12:00:00,2,25,23,9,8,300,69
2025-04-08,13:00:00,3,15,14,7,9,264,107
2025-04-08,14:00:00,3,10,10,4,6,257,120
2025-04-08,15:00:00,2,1,0,0,0,149,95
2025-04-08,16:00:00,2,1,0,0,0,149,95
2025-04-08,17:00:00,3,1,0,0,0,149,110
2025-04-08,18:00:00,3,1,0,0,0,150,113
2025-04-08,19:00:00,3,0,0,0,0,151,110
2025-04-08,20:00:00,3,0,0,1,0,153,105
2025-04-08,21:00:00,3,1,0,1,0,155,102
2025-04-08,22:00:00,2,1,0,1,0,155,98
2025-04-08,23:00:00,2,1,0,1,0,156,96
2025-04-09,00:00:00,2,1,0,1,0,157,95
2025-04-09,01:00:00,2,1,0,1,0,157,94
2025-04-09,02:00:00,2,1,0,1,0,157,91
2025-04-09,03:00:00,2,1,0,1,0,157,88
2025-04-09,04:00:00,2,1,0,1,0,158,85
2025-04-09,05:00:00,2,1,0,1,0,159,78
2025-04-09,06:00:00,2,1,1,2,0,164,69
2025-04-09,07:00:00,1,1,1,3,0,171,59
2025-04-09,08:00:00,1,1,1,4,0,174,53
2025-04-09,09:00:00,1,1,1,3,0,171,55
2025-04-09,10:00:00,3,1,1,1,0,153,107
2025-04-09,11:00:00,3,1,0,0,0,150,112
2025-04-09,12:00:00,3,1,1,0,0,148,112
2025-04-09,13:00:00,3,1,1,0,0,149,113
2025-04-09,14:00:00,3,1,1,0,0,148,113
2025-04-09,15:00:00,3,1,1,0,0,147,113
2025-04-09,16:00:00,3,1,1,0,0,149,111
2025-04-09,17:00:00,3,1,1,0,0,150,110
2025-04-09,18:00:00,3,1,1,0,0,150,111
2025-04-09,19:00:00,3,1,1,1,0,151,102
2025-04-09,20:00:00,2,1,1,1,0,154,91
2025-04-09,21:00:00,2,1,1,2,0,156,86
2025-04-09,22:00:00,2,1,1,2,0,157,84
2025-04-09,23:00:00,2,1,1,2,0,159,78
2025-04-10,00:00:00,2,2,1,2,0,159,72
2025-04-10,01:00:00,2,2,1,2,0,159,66
2025-04-10,02:00:00,2,1,1,2,0,159,65
2025-04-10,03:00:00,2,1,1,1,0,159,67
2025-04-10,04:00:00,2,1,1,1,0,156,80
2025-04-10,05:00:00,2,1,1,1,0,154,87
2025-04-10,06:00:00,2,1,0,1,0,153,94
2025-04-10,07:00:00,3,0,0,1,0,154,101
2025-04-10,08:00:00,3,0,0,1,1,155,105
2025-04-10,09:00:00,3,0,0,1,1,155,109
2025-04-10,10:00:00,3,0,0,1,1,153,114
2025-04-10,11:00:00,3,0,0,0,1,150,116
2025-04-10,12:00:00,3,0,0,0,1,146,116
2025-04-10,13:00:00,3,0,0,0,1,146,116
2025-04-10,14:00:00,3,0,0,0,1,144,115
2025-04-10,15:00:00,3,0,0,0,0,144,113
2025-04-10,16:00:00,3,0,0,0,0,145,111
2025-04-10,17:00:00,3,0,0,0,0,145,112
2025-04-10,18:00:00,3,0,0,0,0,145,111
2025-04-10,19:00:00,3,0,0,0,0,145,108
2025-04-10,20:00:00,3,0,0,1,0,146,104
2025-04-10,21:00:00,3,0,0,1,0,147,101
2025-04-10,22:00:00,2,0,0,1,0,147,96
2025-04-10,23:00:00,2,0,0,1,0,148,91
2025-04-11,00:00:00,2,1,0,1,0,149,87
2025-04-11,01:00:00,2,1,0,1,0,149,84
2025-04-11,02:00:00,2,1,0,1,0,149,83
2025-04-11,03:00:00,2,1,0,1,0,151,82
2025-04-11,04:00:00,2,1,0,1,0,151,82
2025-04-11,05:00:00,2,1,0,1,0,152,83
2025-04-11,06:00:00,2,1,0,1,0,154,83
2025-04-11,07:00:00,2,1,0,2,0,155,82
2025-04-11,08:00:00,2,1,0,2,0,155,80
2025-04-11,09:00:00,2,1,0,2,0,155,81
2025-04-11,10:00:00,2,1,0,2,1,153,96
2025-04-11,11:00:00,3,1,1,2,1,152,100
2025-04-11,12:00:00,3,1,1,2,1,150,103
2025-04-11,13:00:00,3,1,1,1,1,149,109
2025-04-11,14:00:00,3,1,1,1,1,149,113
2025-04-11,15:00:00,3,1,1,1,1,150,115
2025-04-11,16:00:00,3,1,1,1,1,148,113
2025-04-11,17:00:00,3,1,0,1,0,146,110
2025-04-11,18:00:00,3,1,1,1,0,148,106
2025-04-11,19:00:00,2,1,1,1,0,150,98
2025-04-11,20:00:00,2,1,1,2,0,153,89
2025-04-11,21:00:00,2,1,1,2,0,156,83
2025-04-11,22:00:00,2,1,1,2,0,156,78
2025-04-11,23:00:00,2,1,1,2,0,156,75
2025-04-12,00:00:00,2,1,1,1,0,155,74
2025-04-12,01:00:00,2,1,0,1,0,153,74
2025-04-12,02:00:00,2,1,0,1,0,152,75
2025-04-12,03:00:00,2,0,0,1,0,152,75
2025-04-12,04:00:00,2,0,0,1,0,152,76
2025-04-12,05:00:00,2,0,0,1,0,152,79
2025-04-12,06:00:00,2,0,0,1,0,154,85
2025-04-12,07:00:00,2,0,0,1,0,155,90
2025-04-12,08:00:00,2,0,0,1,0,158,90
2025-04-12,09:00:00,2,0,0,1,0,160,89
2025-04-12,10:00:00,2,0,0,1,0,159,88
2025-04-12,11:00:00,2,0,0,1,0,158,87
2025-04-12,12:00:00,2,0,0,1,0,157,86
2025-04-12,13:00:00,2,0,0,0,0,154,96
2025-04-12,14:00:00,2,0,0,0,0,152,98
2025-04-12,15:00:00,2,0,0,0,0,151,98
2025-04-12,16:00:00,2,0,0,0,0,152,98
2025-04-12,17:00:00,3,0,0,1,0,153,101
2025-04-12,18:00:00,2,0,0,1,0,152,100
2025-04-12,19:00:00,2,0,0,1,0,154,91
2025-04-12,20:00:00,2,0,0,1,0,155,80
2025-04-12,21:00:00,2,0,0,2,0,157,72
2025-04-12,22:00:00,2,1,0,2,0,160,66
2025-04-12,23:00:00,2,1,0,2,0,162,64
2025-04-13,00:00:00,2,1,1,2,0,163,64
2025-04-13,01:00:00,2,1,1,2,0,162,64
2025-04-13,02:00:00,2,1,1,2,0,162,61
2025-04-13,03:00:00,1,1,1,2,0,163,55
2025-04-13,04:00:00,1,1,1,2,0,164,49
2025-04-13,05:00:00,1,1,1,2,0,165,44
2025-04-13,06:00:00,1,2,1,2,0,169,40
2025-04-13,07:00:00,1,2,2,3,0,172,35
2025-04-13,08:00:00,1,2,2,2,0,172,32
2025-04-13,09:00:00,1,2,2,2,0,169,36
2025-04-13,10:00:00,2,1,1,1,0,156,83
2025-04-13,11:00:00,2,1,1,1,0,152,89
2025-04-13,12:00:00,2,1,1,0,0,149,90
2025-04-13,13:00:00,3,1,1,0,0,147,103
2025-04-13,14:00:00,3,1,0,0,0,145,107
2025-04-13,15:00:00,3,1,1,0,0,144,107
2025-04-13,16:00:00,2,1,1,1,0,147,99
2025-04-13,17:00:00,2,1,1,1,0,148,96
2025-04-13,18:00:00,2,1,1,1,0,149,90
2025-04-13,19:00:00,2,1,1,1,0,150,85
2025-04-13,20:00:00,2,1,1,1,0,152,79
2025-04-13,21:00:00,2,1,1,1,0,154,76
2025-04-13,22:00:00,2,1,1,2,0,154,69
2025-04-13,23:00:00,2,1,1,2,0,157,63
2025-04-14,00:00:00,1,2,1,2,0,160,59
2025-04-14,01:00:00,1,2,1,2,0,162,56
2025-04-14,02:00:00,1,2,1,2,0,164,56
2025-04-14,03:00:00,1,2,1,2,0,165,57
2025-04-14,04:00:00,2,2,2,2,0,165,61
2025-04-14,05:00:00,2,2,2,2,0,166,62
2025-04-14,06:00:00,2,2,2,2,0,167,60
2025-04-14,07:00:00,1,2,2,3,0,169,57
2025-04-14,08:00:00,1,3,2,3,0,169,55
2025-04-14,09:00:00,1,3,2,2,1,166,57
2025-04-14,10:00:00,2,3,2,2,1,159,81
2025-04-14,11:00:00,2,3,2,2,2,155,88
2025-04-14,12:00:00,2,3,2,2,2,153,93
2025-04-14,13:00:00,3,3,2,1,2,149,113
2025-04-14,14:00:00,3,2,2,1,2,146,119
2025-04-14,15:00:00,3,3,2,1,2,145,121
2025-04-14,16:00:00,3,3,2,1,2,147,120
2025-04-14,17:00:01,3,5,4,1,2,149,116
2025-04-14,18:00:00,3,5,4,1,2,150,110
2025-04-14,19:00:00,3,5,4,1,2,150,102
2025-04-14,20:00:00,2,5,4,2,2,152,92
2025-04-14,21:00:00,2,5,4,2,1,153,85
2025-04-14,22:00:00,2,4,3,2,1,152,78
2025-04-14,23:00:00,2,4,3,3,1,152,74
2025-04-15,00:00:00,2,3,3,3,1,152,71
2025-04-15,01:00:00,2,3,2,3,1,150,69
2025-04-15,02:00:00,2,3,2,2,1,149,68
2025-04-15,03:00:00,2,2,2,2,1,147,69
2025-04-15,04:00:00,2,2,2,2,1,144,71
2025-04-15,05:00:00,2,3,2,2,1,143,72
2025-04-15,06:00:00,2,3,2,2,1,142,73
2025-04-15,07:00:00,2,4,2,2,1,142,75
2025-04-15,08:00:00,2,5,2,2,1,141,75
2025-04-15,09:00:00,2,6,2,2,1,140,78
2025-04-15,10:00:00,2,11,3,3,1,139,89
2025-04-15,11:00:00,2,13,3,2,1,137,92
2025-04-15,12:00:00,2,16,4,2,1,134,96
2025-04-15,13:00:00,3,23,6,1,1,139,107
2025-04-15,14:00:00,3,29,8,1,1,150,111
2025-04-15,15:00:00,3,33,9,1,1,156,112
2025-04-15,16:00:00,3,34,9,1,1,160,111
2025-04-15,17:00:00,3,23,6,1,1,147,102
2025-04-15,18:00:00,2,21,6,2,1,148,98
2025-04-15,19:00:00,2,19,5,3,1,147,93
2025-04-15,20:00:00,2,17,5,3,1,147,87
2025-04-15,21:00:00,2,16,4,3,1,147,81
2025-04-15,22:00:00,2,16,4,3,1,146,74
2025-04-15,23:00:00,2,16,5,3,1,146,68
2025-04-16,00:00:00,2,17,5,3,1,145,63
2025-04-16,01:00:00,1,18,6,2,0,143,58
2025-04-16,02:00:00,1,19,6,2,0,141,56
2025-04-16,03:00:00,2,20,6,1,0,139,56
2025-04-16,04:00:00,2,21,7,1,0,137,57
2025-04-16,05:00:00,2,22,7,1,0,136,59
2025-04-16,06:00:00,2,21,7,1,0,137,60
2025-04-16,07:00:00,2,21,7,2,0,138,61
2025-04-16,08:00:00,2,20,6,2,0,139,61
2025-04-16,09:00:00,2,20,6,2,1,140,64
2025-04-16,10:00:00,2,23,7,3,2,151,79
2025-04-16,11:00:00,2,24,8,3,2,157,88
2025-04-16,12:00:01,2,24,8,2,2,155,97
2025-04-16,13:00:00,3,22,6,1,1,148,109
2025-04-16,14:00:00,3,18,5,1,1,139,113
2025-04-16,15:00:00,3,15,4,1,1,134,113
2025-04-16,16:00:00,3,12,4,1,1,133,112
2025-04-16,17:00:00,3,12,3,1,1,134,108
2025-04-16,18:00:00,3,10,3,1,1,134,103
2025-04-16,19:00:00,2,9,3,2,1,134,96
2025-04-16,20:00:00,2,7,3,2,1,136,89
2025-04-16,21:00:00,2,7,3,3,1,138,83
2025-04-16,22:00:00,2,6,2,3,1,138,76
2025-04-16,23:00:00,2,6,2,4,1,139,70
2025-04-17,00:00:00,2,6,2,4,1,140,65
2025-04-17,01:00:00,2,6,2,4,1,138,61
2025-04-17,02:00:00,1,6,2,3,1,138,60
2025-04-17,03:00:00,1,7,3,3,1,136,59
2025-04-17,04:00:00,1,7,3,2,1,135,58
2025-04-17,05:00:00,1,7,3,2,1,134,54
2025-04-17,06:00:00,1,7,3,2,0,135,49
2025-04-17,07:00:00,1,7,3,2,0,137,45
2025-04-17,08:00:00,1,7,3,2,0,138,44
2025-04-17,09:00:00,1,7,3,2,1,138,49
2025-04-17,10:00:00,2,8,3,3,2,138,97
2025-04-17,11:00:00,3,7,3,2,1,136,107
2025-04-17,12:00:00,3,6,3,1,1,133,112
2025-04-17,13:00:00,3,6,3,1,1,134,117
2025-04-17,14:00:00,3,6,3,1,1,133,118
2025-04-17,15:00:00,3,6,3,1,1,132,119
2025-04-17,16:00:00,3,6,3,1,1,135,120
2025-04-17,17:00:00,3,6,3,1,1,136,115
2025-04-17,18:00:00,3,6,3,1,1,138,110
2025-04-17,19:00:00,2,5,3,2,1,139,100
2025-04-17,20:00:00,2,5,3,3,1,141,87
2025-04-17,21:00:01,2,5,3,4,1,143,77
2025-04-17,22:00:00,2,5,3,5,1,141,69
2025-04-17,23:00:00,2,5,3,5,1,141,65
2025-04-18,00:00:00,2,6,3,4,1,139,65
2025-04-18,01:00:00,2,6,3,3,1,137,65
2025-04-18,02:00:00,2,7,3,2,1,136,64
2025-04-18,03:00:00,2,8,3,2,1,135,64
2025-04-18,04:00:00,2,9,3,2,1,134,63
2025-04-18,05:00:00,2,10,3,2,1,134,63
2025-04-18,06:00:00,2,12,4,2,1,135,65
2025-04-18,07:00:00,2,14,4,3,1,137,65
2025-04-18,08:00:00,2,16,4,3,1,139,64
2025-04-18,09:00:00,2,18,5,3,1,140,66
2025-04-18,10:00:00,2,24,6,3,3,145,81
2025-04-18,11:00:00,2,24,7,3,3,147,90
2025-04-18,12:00:00,2,22,7,3,3,147,98
2025-04-18,13:00:00,3,16,7,2,3,144,113
2025-04-18,14:00:00,3,12,6,1,2,138,118
2025-04-18,15:00:00,3,11,5,1,2,136,118
2025-04-18,16:00:00,3,11,6,1,2,138,117
2025-04-18,17:00:00,3,10,5,1,2,136,118
2025-04-18,18:00:00,3,10,5,2,2,137,111
2025-04-18,19:00:00,3,11,5,3,2,138,103
2025-04-18,20:00:00,2,11,5,4,2,140,96
2025-04-18,21:00:00,2,11,5,4,2,141,91
2025-04-18,22:00:00,2,10,5,3,2,138,87
2025-04-18,23:00:00,2,9,4,3,2,136,86
2025-04-19,00:00:00,2,8,4,2,2,134,86
2025-04-19,01:00:00,2,8,4,2,2,132,84
2025-04-19,02:00:00,2,9,4,2,1,132,83
2025-04-19,03:00:00,2,9,4,1,1,132,82
2025-04-19,04:00:00,2,10,4,1,1,132,82
2025-04-19,05:00:00,2,12,4,1,1,133,83
2025-04-19,06:00:00,2,13,5,1,1,135,84
2025-04-19,07:00:00,2,14,5,2,1,136,84
2025-04-19,08:00:00,2,16,6,2,1,137,84
2025-04-19,09:00:00,2,16,6,2,1,137,86
2025-04-19,10:00:00,2,17,6,1,2,137,95
2025-04-19,11:00:00,3,16,6,1,2,134,101
2025-04-19,12:00:00,3,16,6,1,2,132,106
2025-04-19,13:00:00,3,16,7,1,2,133,110
2025-04-19,14:00:00,3,16,7,1,2,133,111
2025-04-19,15:00:00,3,15,7,1,2,133,111
2025-04-19,16:00:00,3,14,6,1,1,133,111
2025-04-19,17:00:00,3,13,6,1,1,134,108
2025-04-19,18:00:00,3,13,6,1,1,133,104
2025-04-19,19:00:00,2,12,5,2,1,133,100
2025-04-19,20:00:00,2,12,5,2,1,133,95
2025-04-19,21:00:00,2,13,5,3,2,133,92
2025-04-19,22:00:00,2,14,5,3,2,133,89
2025-04-19,23:00:00,2,17,6,3,2,134,88
2025-04-20,00:00:00,2,21,7,2,2,135,88
2025-04-20,01:00:00,2,24,8,2,2,136,87
2025-04-20,02:00:00,2,25,8,2,2,136,86
2025-04-20,03:00:00,2,25,8,2,1,137,86
2025-04-20,04:00:00,2,25,8,2,1,137,85
2025-04-20,05:00:00,2,24,8,2,1,137,84
2025-04-20,06:00:00,2,23,8,2,1,138,84
2025-04-20,07:00:00,2,22,8,2,1,138,82
2025-04-20,08:00:00,2,21,8,2,1,137,81
2025-04-20,09:00:00,2,20,8,2,1,135,81
2025-04-20,10:00:00,2,19,8,2,2,134,87
2025-04-20,11:00:00,2,19,8,1,2,132,91
2025-04-20,12:00:00,2,19,8,1,2,130,96
2025-04-20,13:00:00,3,19,8,1,2,130,105
2025-04-20,14:00:00,3,18,8,1,2,128,109
2025-04-20,15:00:00,3,17,8,1,2,127,111
2025-04-20,16:00:00,3,17,8,1,2,128,111
2025-04-20,17:00:00,3,17,8,1,2,130,107
2025-04-20,18:00:00,3,16,7,1,1,130,101
2025-04-20,19:00:00,2,15,7,1,1,131,94
2025-04-20,20:00:00,2,13,6,1,1,132,86
2025-04-20,21:00:00,2,12,6,1,1,133,79
2025-04-20,22:00:00,2,10,5,1,0,131,69
2025-04-20,23:00:00,1,9,5,2,0,131,60
2025-04-21,00:00:00,1,10,5,2,0,130,56
2025-04-21,01:00:00,1,10,5,2,1,129,57
2025-04-21,02:00:00,1,9,5,2,1,127,54
2025-04-21,03:00:00,1,7,5,2,1,126,50
2025-04-21,04:00:00,1,6,4,1,1,127,57
2025-04-21,05:00:00,1,5,4,1,1,129,57
2025-04-21,06:00:00,1,4,3,1,0,130,55
2025-04-21,07:00:00,1,4,3,1,0,132,53
2025-04-21,08:00:00,1,3,3,2,0,134,50
2025-04-21,09:00:00,1,3,3,1,0,135,51
2025-04-21,10:00:00,2,3,2,1,0,134,60
2025-04-21,11:00:00,2,2,2,1,0,133,68
2025-04-21,12:00:00,2,2,2,1,0,133,73
2025-04-21,13:00:00,2,2,2,0,0,133,86
2025-04-21,14:00:00,2,1,1,0,0,132,93
2025-04-21,15:00:00,2,1,1,0,0,131,96
2025-04-21,16:00:00,2,1,1,1,0,133,94
2025-04-21,17:00:00,3,1,1,0,0,133,100
2025-04-21,18:00:00,3,1,1,1,0,133,100
2025-04-21,19:00:00,2,1,1,1,0,134,97
2025-04-21,20:00:00,2,1,1,1,0,135,90
2025-04-21,21:00:00,2,1,1,1,0,136,83
2025-04-21,22:00:00,2,1,1,1,0,135,73
2025-04-21,23:00:00,2,1,1,2,0,135,61
2025-04-22,00:00:00,1,1,1,2,0,133,53
2025-04-22,01:00:00,1,2,1,1,0,131,49
2025-04-22,02:00:00,1,2,1,1,0,128,45
2025-04-22,03:00:00,1,2,1,1,0,126,41
2025-04-22,04:00:00,1,2,1,1,0,125,37
2025-04-22,05:00:00,1,2,1,1,0,124,33
2025-04-22,06:00:00,1,2,1,2,0,126,31
2025-04-22,07:00:00,1,2,1,2,0,130,29
2025-04-22,08:00:00,1,2,1,2,0,134,26
2025-04-22,09:00:00,1,2,1,2,0,135,26
2025-04-22,10:00:00,2,5,3,1,1,136,78
2025-04-22,11:00:00,2,7,5,1,2,134,82
2025-04-22,12:00:00,2,9,7,1,3,132,87
2025-04-22,13:00:00,2,8,6,1,3,130,97
2025-04-22,14:00:00,3,7,5,1,2,126,102
2025-04-22,15:00:01,3,6,5,1,2,125,103
2025-04-22,16:00:00,3,6,5,1,1,126,104
2025-04-22,17:00:00,2,4,3,0,0,131,91
2025-04-22,18:00:00,2,4,3,1,0,132,90
2025-04-22,19:00:00,2,4,3,1,0,134,78
2025-04-22,20:01:10,2,4,3,1,0,136,63
2025-04-22,21:00:00,1,4,4,2,0,138,57
2025-04-22,22:00:00,1,4,4,2,0,138,53
2025-04-22,23:00:00,1,4,4,2,0,138,50
2025-04-23,00:00:00,1,4,4,2,0,137,50
2025-04-23,01:01:10,1,5,4,2,1,136,52
2025-04-23,02:00:00,1,5,4,2,1,135,54
2025-04-23,03:00:00,1,5,5,2,1,135,55
2025-04-23,04:00:00,1,5,5,2,1,133,54
2025-04-23,05:00:00,1,6,5,2,0,132,49
2025-04-23,06:00:00,1,6,6,2,0,133,44
2025-04-23,07:00:00,1,6,5,2,0,137,44
2025-04-23,08:00:00,1,5,5,3,0,140,40
2025-04-23,09:00:00,1,5,5,2,0,140,37
2025-04-23,10:00:00,1,4,3,2,0,138,52
2025-04-23,11:00:00,1,4,3,1,0,135,55
2025-04-23,12:00:00,1,5,5,1,0,134,57
2025-04-23,13:00:00,2,8,8,1,2,129,100
2025-04-23,14:00:00,3,7,7,1,2,125,109
2025-04-23,15:00:00,3,7,6,1,2,124,112
2025-04-23,16:00:00,3,7,6,1,2,124,115
2025-04-23,17:00:00,2,4,3,1,1,132,84
2025-04-23,18:00:00,2,4,4,1,1,136,78
2025-04-23,19:00:00,2,4,4,2,1,136,68
2025-04-23,20:00:00,1,5,4,2,1,137,58
2025-04-23,21:00:00,1,5,4,2,1,137,52
2025-04-23,22:00:00,1,5,4,2,1,136,47
2025-04-23,23:00:00,1,5,5,3,1,135,42
2025-04-24,00:00:00,1,6,5,2,1,133,37
2025-04-24,01:00:00,1,6,5,2,0,131,32
2025-04-24,02:00:00,1,6,6,2,0,130,26
2025-04-24,03:00:00,1,7,6,2,0,129,22
2025-04-24,04:00:00,1,7,6,2,0,128,19
2025-04-24,05:00:00,1,7,7,2,0,129,19
2025-04-24,06:00:00,1,8,7,2,0,133,22
2025-04-24,07:00:00,1,8,8,2,0,138,29
2025-04-24,08:00:00,1,8,8,2,0,142,30
2025-04-24,09:00:00,1,8,8,2,0,142,29
2025-04-24,10:00:00,1,7,7,2,0,143,35
2025-04-24,11:00:00,1,7,6,1,0,141,42
2025-04-24,12:00:00,1,7,7,1,0,140,49
2025-04-24,13:00:00,2,8,7,0,1,131,97
2025-04-24,14:00:00,3,7,6,0,1,127,101
2025-04-24,15:00:00,3,7,6,0,1,127,101
2025-04-24,16:00:00,2,8,7,0,1,131,99
2025-04-24,17:00:00,3,7,6,0,1,134,107
2025-04-24,18:00:00,3,7,6,1,1,133,107
2025-04-24,19:00:00,2,7,6,1,1,134,93
2025-04-24,20:00:00,2,7,6,2,1,135,77
2025-04-24,21:00:00,2,7,6,2,1,136,69
2025-04-24,22:00:00,2,7,6,2,1,136,65
2025-04-24,23:00:00,2,7,6,3,1,137,61
2025-04-25,00:00:00,1,8,6,3,1,135,58
2025-04-25,01:00:00,1,8,7,2,1,133,55
2025-04-25,02:00:00,1,8,7,2,1,131,52
2025-04-25,03:00:00,1,9,8,2,1,129,50
2025-04-25,04:00:00,1,9,8,2,1,128,44
2025-04-25,05:00:00,1,10,9,2,0,128,36
2025-04-25,06:00:00,1,10,9,2,0,130,30
2025-04-25,07:00:00,1,8,8,3,0,135,26
2025-04-25,08:00:00,1,6,5,3,0,139,22
2025-04-25,09:00:00,1,6,5,3,0,141,23
2025-04-25,10:00:00,2,6,5,2,1,132,68
2025-04-25,11:00:00,2,7,6,2,1,127,73
2025-04-25,12:00:00,2,7,6,4,2,126,72
2025-04-25,13:00:00,2,7,6,8,3,125,89
2025-04-25,14:00:00,2,5,4,5,2,122,97
2025-04-25,15:00:00,2,4,4,5,2,121,98
2025-04-25,16:00:00,2,4,4,5,2,122,93
2025-04-25,17:00:00,2,6,5,6,2,127,86
2025-04-25,18:00:00,2,6,6,6,2,128,82
2025-04-25,19:00:00,2,6,6,6,1,130,75
2025-04-25,20:00:00,2,6,6,5,1,131,66
2025-04-25,21:00:00,1,6,5,4,1,132,58
2025-04-25,22:00:00,1,5,5,3,0,132,51
2025-04-25,23:00:00,1,5,5,3,0,132,48
2025-04-26,00:00:00,1,5,5,2,0,132,46
2025-04-26,01:00:00,1,5,5,1,0,132,53
2025-04-26,02:00:00,1,5,5,1,0,132,51
2025-04-26,03:00:00,1,5,5,1,0,132,49
2025-04-26,04:00:00,1,5,5,1,0,131,47
2025-04-26,05:00:00,1,5,5,1,0,131,48
2025-04-26,06:00:00,1,5,5,1,0,130,50
2025-04-26,07:00:00,1,5,5,1,0,130,54
2025-04-26,08:00:00,1,5,4,1,0,129,58
2025-04-26,09:00:00,2,4,4,1,0,128,63
2025-04-26,10:00:00,2,3,3,1,0,125,74
2025-04-26,11:00:00,2,2,2,1,0,123,79
2025-04-26,12:00:00,2,2,2,0,0,121,79
2025-04-26,13:00:00,2,1,1,0,0,120,83
2025-04-26,14:00:00,2,1,1,0,0,119,86
2025-04-26,15:00:00,2,1,1,0,0,119,87
2025-04-26,16:00:00,2,1,1,0,0,120,88
2025-04-26,17:00:00,2,1,1,0,0,121,89
2025-04-26,18:00:00,2,1,1,0,0,122,90
2025-04-26,19:00:00,2,1,1,1,0,123,84
2025-04-26,20:00:00,2,2,2,1,0,124,84
2025-04-26,21:00:00,2,3,2,1,0,126,82
2025-04-26,22:00:00,2,4,3,1,0,126,79
2025-04-26,23:00:00,2,5,5,1,0,127,77
2025-04-27,00:00:00,2,6,5,1,0,127,77
2025-04-27,01:00:00,2,6,6,1,1,128,77
2025-04-27,02:00:00,2,6,5,1,1,133,75
2025-04-27,03:00:00,2,5,4,1,1,140,72
2025-04-27,04:00:00,2,3,3,2,1,146,71
2025-04-27,05:00:00,2,2,2,2,2,149,76
2025-04-27,06:00:00,2,2,1,2,2,150,83
2025-04-27,07:00:00,2,1,1,3,2,148,87
2025-04-27,08:00:00,2,1,1,3,2,147,89
2025-04-27,09:00:00,2,1,1,3,2,145,90
2025-04-27,10:00:00,2,1,1,2,3,144,92
2025-04-27,11:00:00,2,2,1,2,3,143,97
2025-04-27,12:00:00,3,2,2,1,2,142,103
2025-04-27,13:00:00,3,2,2,0,2,143,108
2025-04-27,14:00:00,3,2,2,0,1,141,108
2025-04-27,15:00:00,3,2,2,0,2,140,109
2025-04-27,16:00:00,3,3,2,0,3,139,111
2025-04-27,17:00:00,3,3,2,1,4,140,112
2025-04-27,18:00:00,3,3,2,1,4,140,112
2025-04-27,19:00:00,3,2,2,1,3,141,105
2025-04-27,20:00:00,2,1,1,1,2,142,99
2025-04-27,21:00:00,2,1,1,1,2,144,95
2025-04-27,22:00:00,2,1,0,1,1,144,92
2025-04-27,23:00:00,2,1,0,1,2,145,92
2025-04-28,00:00:00,2,1,0,1,2,146,93
2025-04-28,01:00:00,2,0,0,1,2,147,93
2025-04-28,02:00:00,2,0,0,1,2,148,92
2025-04-28,03:00:00,2,0,0,1,2,149,92
2025-04-28,04:00:00,2,1,0,1,2,148,91
2025-04-28,05:00:00,2,1,0,1,2,148,90
2025-04-28,06:00:00,2,1,0,1,2,150,90
2025-04-28,07:00:00,2,1,0,2,3,152,88
2025-04-28,08:00:00,2,1,0,2,3,152,87
2025-04-28,09:00:00,2,1,0,2,3,151,88
2025-04-28,10:00:00,2,1,0,1,2,147,99
2025-04-28,11:00:00,3,1,0,1,1,145,102
2025-04-28,12:00:00,3,1,1,0,1,143,104
2025-04-28,13:00:00,3,1,1,0,1,144,106
2025-04-28,14:00:00,3,1,1,0,1,143,106
2025-04-28,15:00:00,3,1,1,0,1,142,106
2025-04-28,16:00:00,3,1,1,0,1,142,107
2025-04-28,17:00:00,3,2,1,0,1,143,107
2025-04-28,18:00:00,3,2,2,0,2,143,107
2025-04-28,19:00:00,2,2,2,1,2,145,95
2025-04-28,20:00:00,2,3,2,2,1,147,78
2025-04-28,21:00:00,2,3,2,2,1,149,68
2025-04-28,22:00:00,2,3,2,2,1,150,60
2025-04-28,23:00:00,1,3,2,2,1,151,57
2025-04-29,00:00:00,1,3,3,2,1,151,55
2025-04-29,01:00:00,1,4,3,2,1,151,53
2025-04-29,02:00:00,1,4,3,2,1,151,48
2025-04-29,03:00:00,1,4,3,2,1,152,43
2025-04-29,04:00:00,1,4,3,2,0,154,38
2025-04-29,05:00:00,1,4,3,3,0,156,35
2025-04-29,06:00:00,1,6,3,0,0,160,33
2025-04-29,07:00:00,1,3,3,3,0,162,33
2025-04-29,08:00:00,1,3,2,3,0,160,32
2025-04-29,09:00:00,1,2,2,2,0,157,35
2025-04-29,10:00:00,2,3,2,5,4,147,92
2025-04-29,11:00:00,3,2,2,4,4,144,102
2025-04-29,12:00:00,3,2,2,3,3,141,106
2025-04-29,13:00:00,3,2,2,2,3,141,112
2025-04-29,14:00:00,3,2,2,2,3,139,116
2025-04-29,15:00:00,3,3,2,1,3,138,119
2025-04-29,16:00:00,3,3,3,1,2,138,121
2025-04-29,17:00:00,3,3,3,1,2,138,118
2025-04-29,18:00:00,3,3,3,1,2,138,114
2025-04-29,19:00:00,3,3,2,2,2,138,108
2025-04-29,20:00:00,2,3,2,0,1,139,95
2025-04-29,21:00:00,2,2,1,3,1,141,86
2025-04-29,22:00:00,2,2,2,3,1,141,78
2025-04-29,23:00:00,2,2,2,4,1,142,73
2025-04-30,00:00:00,2,2,2,4,1,142,70
2025-04-30,01:00:00,2,2,2,4,1,140,66
2025-04-30,02:00:00,1,2,2,3,1,139,60
2025-04-30,03:00:00,1,2,1,3,0,138,55
2025-04-30,04:00:00,1,2,1,3,0,137,52
2025-04-30,05:00:00,1,2,1,2,0,136,49
2025-04-30,06:00:00,1,2,1,3,0,137,47
2025-04-30,07:00:00,1,2,1,3,0,140,45
2025-04-30,08:00:00,1,2,1,2,0,141,44
2025-04-30,09:00:00,1,2,1,2,1,140,46
2025-04-30,10:00:00,2,3,2,1,2,137,85
2025-04-30,11:00:00,2,3,2,1,2,134,95
2025-04-30,12:00:00,2,3,2,0,1,132,100
2025-04-30,13:00:00,3,3,2,0,1,132,105
2025-04-30,14:00:00,3,3,2,0,1,130,107
2025-04-30,15:00:00,3,3,2,0,1,128,109
2025-04-30,16:00:00,2,3,2,1,1,131,98
2025-04-30,17:00:00,2,3,3,1,1,138,78
2025-04-30,18:00:00,2,4,3,2,1,141,71
2025-04-30,19:00:00,2,4,3,3,1,142,68
2025-04-30,20:00:05,2,4,3,3,1,142,62
2025-04-30,21:00:00,1,4,3,3,1,143,58
2025-04-30,22:00:00,1,4,3,3,1,141,53
2025-04-30,23:00:02,1,4,3,3,1,140,49
2025-05-01,00:00:00,1,4,3,3,1,139,47
2025-05-01,01:00:00,1,5,4,3,1,138,50
2025-05-01,02:00:00,1,6,5,2,1,139,55
2025-05-01,03:00:00,1,6,5,2,1,140,60
2025-05-01,04:00:00,2,6,5,3,1,139,60
2025-05-01,05:00:00,1,7,6,3,1,138,52
2025-05-01,06:00:00,1,7,6,3,0,140,41
2025-05-01,07:00:00,1,7,6,3,0,144,31
2025-05-01,08:00:00,1,5,4,3,0,147,28
2025-05-01,09:00:00,1,5,4,2,0,146,34
2025-05-01,10:00:00,2,5,4,1,3,133,95
2025-05-01,11:00:00,3,6,5,1,3,131,100
2025-05-01,12:00:00,3,6,6,1,4,130,103
2025-05-01,13:00:00,3,5,5,1,4,126,112
2025-05-01,14:00:00,3,5,4,1,3,123,116
2025-05-01,15:00:00,3,5,4,1,3,122,117
2025-05-01,16:00:00,3,5,4,1,3,123,118
2025-05-01,17:00:00,3,5,4,1,3,123,117
2025-05-01,18:00:00,3,5,4,1,3,124,114
2025-05-01,19:00:00,3,5,4,2,2,127,100
2025-05-01,20:00:00,2,5,4,3,2,130,83
2025-05-01,21:00:00,2,5,4,3,1,131,69
2025-05-01,22:00:00,1,5,4,4,1,130,57
2025-05-01,23:00:00,1,5,4,4,1,129,50
2025-05-02,00:00:00,1,5,4,4,1,128,45
2025-05-02,01:00:00,1,4,4,4,1,126,42
2025-05-02,02:00:00,1,4,4,4,0,123,37
2025-05-02,03:00:00,1,4,3,4,0,121,33
2025-05-02,04:00:00,1,4,3,3,0,119,30
2025-05-02,05:00:00,1,3,3,3,0,118,27
2025-05-02,06:00:00,1,3,3,3,0,120,25
2025-05-02,07:00:00,1,3,3,4,0,123,22
2025-05-02,08:00:00,1,3,3,4,0,127,19
2025-05-02,09:00:00,1,4,3,3,0,130,19
2025-05-02,10:00:00,1,5,4,3,1,134,28
2025-05-02,11:00:00,1,7,6,2,1,137,43
2025-05-02,12:00:00,2,9,8,2,2,139,63
2025-05-02,13:00:00,3,11,10,1,3,136,102
2025-05-02,14:00:00,3,10,9,0,2,133,107
2025-05-02,15:00:00,3,8,7,0,2,131,104
2025-05-02,16:00:00,3,6,6,0,2,132,102
2025-05-02,17:00:00,3,5,4,1,2,134,101
2025-05-02,18:00:00,3,5,4,1,3,135,102
2025-05-02,19:00:00,3,9,9,1,4,177,105
2025-05-02,20:00:00,3,8,8,1,5,168,102
2025-05-02,21:00:00,2,7,7,1,5,158,100
2025-05-02,22:00:00,2,5,5,1,4,148,95
2025-05-02,23:00:00,2,4,4,2,3,144,90
2025-05-03,00:00:00,2,3,3,2,2,145,86
2025-05-03,01:00:00,2,3,3,3,2,147,83
2025-05-03,02:00:00,2,3,3,3,3,150,82
2025-05-03,03:00:00,2,3,3,3,3,152,80
2025-05-03,04:00:00,2,3,3,2,3,152,78
2025-05-03,05:00:00,2,3,3,2,3,153,75
2025-05-03,06:00:00,2,3,3,3,3,153,72
2025-05-03,07:00:00,2,3,2,3,2,151,69
2025-05-03,08:00:00,2,2,2,2,2,148,69
2025-05-03,09:00:00,2,2,2,1,1,144,73
2025-05-03,10:00:00,2,2,1,1,1,139,90
2025-05-03,11:00:00,2,1,1,0,1,136,95
2025-05-03,12:00:00,2,2,1,0,0,135,95
2025-05-03,13:00:00,2,2,2,0,0,137,97
2025-05-03,14:00:00,2,2,2,0,0,137,98
2025-05-03,15:00:00,2,2,2,0,0,138,98
2025-05-03,16:00:00,2,3,3,0,0,142,100
2025-05-03,17:00:00,3,2,2,0,0,136,100
2025-05-03,18:00:00,3,2,2,0,0,135,100
2025-05-03,19:00:00,2,2,2,1,0,136,87
2025-05-03,20:00:00,2,2,2,2,0,136,69
2025-05-03,21:00:00,1,2,2,2,0,137,60
2025-05-03,22:00:00,1,3,2,2,0,137,55
2025-05-03,23:00:00,1,3,2,3,0,138,48
2025-05-04,00:00:00,1,3,3,2,0,137,42
2025-05-04,01:00:00,1,3,3,2,0,135,37
2025-05-04,02:00:00,1,3,3,2,0,133,34
2025-05-04,03:00:00,1,3,3,2,0,131,33
2025-05-04,04:00:00,1,3,3,2,0,129,31
2025-05-04,05:00:00,1,3,3,2,0,126,28
2025-05-04,06:00:00,1,3,3,3,0,126,23
2025-05-04,07:00:00,1,3,3,2,0,130,21
2025-05-04,08:00:00,1,3,3,2,0,131,22
2025-05-04,09:00:00,1,3,3,2,0,130,30
2025-05-04,10:00:00,2,4,4,1,1,133,100
2025-05-04,11:00:00,3,4,4,0,1,131,106
2025-05-04,12:00:00,3,4,4,0,1,129,108
2025-05-04,13:00:00,3,4,4,0,1,129,110
2025-05-04,14:00:00,3,5,4,0,1,128,111
2025-05-04,15:00:00,3,5,5,0,2,126,112
2025-05-04,16:00:00,3,5,5,0,2,127,114
2025-05-04,17:00:00,3,5,5,1,2,126,113
2025-05-04,18:00:00,3,5,5,1,2,126,113
2025-05-04,19:00:00,3,6,6,1,1,141,103
2025-05-04,20:00:00,2,7,7,1,1,146,91
2025-05-04,21:00:00,2,7,7,1,1,145,80
2025-05-04,22:00:00,2,6,6,1,1,137,67
2025-05-04,23:00:00,1,5,5,1,0,130,55
2025-05-05,00:00:00,1,5,4,2,0,125,45
2025-05-05,01:00:00,1,4,4,2,0,120,37
2025-05-05,02:00:00,1,4,3,2,0,116,31
2025-05-05,03:00:00,1,3,3,1,0,112,25
2025-05-05,04:00:00,1,3,3,1,0,109,21
2025-05-05,05:00:00,1,3,3,1,0,108,18
2025-05-05,06:00:00,1,4,2,2,0,110,18
2025-05-05,07:00:00,1,4,2,1,0,113,20
2025-05-05,08:00:00,1,4,2,1,0,116,20
2025-05-05,09:00:00,1,5,3,1,0,117,25
2025-05-05,10:00:00,2,6,3,1,1,121,64
2025-05-05,11:00:00,2,5,3,0,1,120,75
2025-05-05,12:00:00,2,5,3,0,1,119,78
2025-05-05,13:00:00,2,5,3,0,1,120,81
2025-05-05,14:00:00,2,5,3,0,1,119,83
2025-05-05,15:00:00,2,5,3,0,1,118,84
2025-05-05,16:00:00,2,4,3,0,0,118,80
2025-05-05,17:00:00,2,4,3,0,1,118,81
2025-05-05,18:00:00,2,4,4,0,1,121,84
2025-05-05,19:00:00,2,5,4,1,1,124,81
2025-05-05,20:00:00,2,6,5,1,1,130,75
2025-05-05,21:00:00,2,7,6,1,1,136,72
2025-05-05,22:00:00,2,7,6,2,1,137,68
2025-05-05,23:00:00,2,7,7,2,1,138,64
2025-05-06,00:00:00,2,7,7,1,1,138,61
2025-05-06,01:00:00,2,7,7,1,0,135,61
2025-05-06,02:00:00,2,7,7,1,0,135,62
2025-05-06,03:00:00,2,7,7,1,0,134,65
2025-05-06,04:00:00,2,7,7,1,0,134,69
2025-05-06,05:00:00,2,7,6,1,0,134,69
2025-05-06,06:00:00,2,7,6,1,0,134,67
2025-05-06,07:00:00,2,6,6,1,0,136,64
2025-05-06,08:00:00,2,6,6,1,1,136,67
2025-05-06,09:00:00,2,6,5,1,1,134,74
2025-05-06,10:00:00,2,5,5,0,1,129,93
2025-05-06,11:00:00,2,5,4,0,0,126,95
2025-05-06,12:00:00,2,4,4,0,0,124,96
2025-05-06,13:00:00,2,4,4,0,0,122,97
2025-05-06,14:00:00,2,4,3,0,0,119,98
2025-05-06,15:00:00,2,0,0,0,0,119,98
2025-05-06,16:00:00,2,4,4,0,0,121,98
2025-05-06,17:00:00,2,5,4,1,0,127,95
2025-05-06,18:00:00,2,4,4,1,0,128,95
2025-05-06,19:00:00,2,4,4,1,0,128,92
2025-05-06,20:00:00,2,4,4,1,0,127,88
2025-05-06,21:00:00,2,4,4,1,0,128,87
2025-05-06,22:00:00,2,4,4,1,0,126,84
2025-05-06,23:00:00,2,4,4,1,0,126,80
2025-05-07,00:00:00,2,4,4,1,0,126,75
2025-05-07,01:00:00,2,4,4,1,0,124,72
2025-05-07,02:00:00,2,4,4,1,0,123,70
2025-05-07,03:00:00,2,4,4,1,0,122,68
2025-05-07,04:00:00,2,3,3,1,0,120,67
2025-05-07,05:00:00,2,3,3,1,0,119,66
2025-05-07,06:00:00,2,3,3,1,0,120,64
2025-05-07,07:00:00,2,3,3,1,0,122,61
2025-05-07,08:00:00,1,3,3,1,0,123,60
2025-05-07,09:00:00,2,3,3,1,0,123,65
2025-05-07,10:00:00,2,4,3,1,1,121,92
2025-05-07,11:00:00,2,4,3,0,1,120,99
2025-05-07,12:00:00,3,4,4,0,1,119,102
2025-05-07,13:00:00,3,4,4,0,1,118,109
2025-05-07,14:00:00,3,4,4,0,0,116,112
2025-05-07,15:00:00,3,5,4,0,0,117,113
2025-05-07,16:00:00,3,5,5,0,0,122,116
2025-05-07,17:00:00,3,6,6,0,1,126,117
2025-05-07,18:00:00,3,7,7,1,1,130,115
2025-05-07,19:00:00,3,8,7,1,1,130,111
2025-05-07,20:00:00,3,8,7,1,1,129,105
2025-05-07,21:00:00,2,7,7,1,0,127,100
2025-05-07,22:00:00,2,6,6,1,0,122,94
2025-05-07,23:00:00,2,6,6,1,0,121,89
2025-05-08,00:00:00,2,5,5,1,0,120,85
2025-05-08,01:00:00,2,5,5,1,0,118,81
2025-05-08,02:00:00,2,5,5,1,0,117,80
2025-05-08,03:00:00,2,5,5,1,0,117,78
2025-05-08,04:00:00,2,6,6,1,0,117,78
2025-05-08,05:00:00,2,9,8,1,0,118,78
2025-05-08,06:00:00,2,11,9,1,0,120,77
2025-05-08,07:00:00,2,13,11,1,0,122,75
2025-05-08,08:00:00,2,15,13,1,0,123,73
2025-05-08,09:00:00,2,16,14,1,0,122,72
2025-05-08,10:00:00,2,15,14,1,0,123,77
2025-05-08,11:00:00,2,14,13,1,0,123,81
2025-05-08,12:00:00,2,11,11,1,0,125,84
2025-05-08,13:00:00,2,8,8,1,0,128,89
2025-05-08,14:00:00,2,7,7,1,0,132,91
2025-05-08,15:00:00,2,7,7,0,0,136,92
2025-05-08,16:00:00,2,8,8,0,0,138,93
2025-05-08,17:00:00,2,10,10,0,0,134,95
2025-05-08,18:00:00,2,11,11,0,0,133,94
2025-05-08,19:00:00,2,13,12,1,1,133,89
2025-05-08,20:00:00,2,13,13,1,1,135,83
2025-05-08,21:00:00,2,12,12,1,0,136,79
2025-05-08,22:00:00,2,10,10,1,0,135,74
2025-05-08,23:00:00,2,9,9,1,0,134,69
2025-05-09,00:00:00,2,10,9,1,0,132,64
2025-05-09,01:00:00,2,11,11,1,0,129,57
2025-05-09,02:00:00,2,13,12,1,0,126,51
2025-05-09,03:00:00,2,14,13,1,0,123,47
2025-05-09,04:00:00,2,15,14,1,0,121,43
2025-05-09,05:00:00,2,16,15,1,0,119,38
2025-05-09,06:00:00,2,16,15,1,0,118,33
2025-05-09,07:00:00,2,17,16,2,0,119,29
2025-05-09,08:00:00,2,16,15,2,0,121,26
2025-05-09,09:00:00,2,16,14,2,0,121,27
2025-05-09,10:00:00,2,7,7,1,0,121,81
2025-05-09,11:00:00,2,5,4,0,0,115,87
2025-05-09,12:00:00,2,5,4,1,0,110,89
2025-05-09,13:00:00,2,5,4,1,0,110,90
2025-05-09,14:00:00,2,5,4,1,0,110,88
2025-05-09,15:00:00,2,4,4,1,0,111,87
2025-05-09,16:00:00,2,4,4,1,0,112,86
2025-05-09,17:00:00,2,3,3,2,1,115,78
2025-05-09,18:00:00,2,3,3,2,1,117,77
2025-05-09,19:00:00,2,3,3,2,0,117,77
2025-05-09,20:00:00,2,3,3,2,0,116,76
2025-05-09,21:00:00,2,4,3,1,0,112,74
2025-05-09,22:00:00,2,5,4,1,0,109,72
2025-05-09,23:00:00,2,6,5,1,0,108,73
2025-05-10,00:00:00,2,6,5,1,0,110,73
2025-05-10,01:00:00,2,5,4,1,0,113,73
2025-05-10,02:00:00,2,4,3,0,0,117,70
2025-05-10,03:00:00,2,3,3,0,1,123,67
2025-05-10,04:00:00,2,2,2,1,1,128,65
2025-05-10,05:00:00,2,2,2,1,2,134,64
2025-05-10,06:00:00,2,2,2,1,2,137,67
2025-05-10,07:00:00,2,2,2,1,2,136,70
2025-05-10,08:00:00,2,2,1,1,1,135,73
2025-05-10,09:00:00,2,1,1,1,1,133,76
2025-05-10,10:00:00,2,1,1,1,1,132,78
2025-05-10,11:00:00,2,1,1,1,1,131,81
2025-05-10,12:00:00,2,1,1,0,1,131,83
2025-05-10,13:00:00,2,1,1,0,1,132,83
2025-05-10,14:00:00,2,1,1,0,1,133,82
2025-05-10,15:00:00,2,1,1,1,1,134,80
2025-05-10,16:00:00,2,1,1,1,1,134,80
2025-05-10,17:00:00,2,1,1,1,1,133,81
2025-05-10,18:00:00,2,1,1,1,1,134,80
2025-05-10,19:00:00,2,1,1,1,1,133,73
2025-05-10,20:00:00,2,1,1,1,0,133,64
2025-05-10,21:00:00,2,1,1,1,0,132,60
2025-05-10,22:00:00,1,1,1,1,0,131,56
2025-05-10,23:00:00,1,1,1,1,0,130,51
2025-05-11,00:00:00,1,1,1,1,0,127,46
2025-05-11,01:00:00,1,1,1,1,0,125,42
2025-05-11,02:00:00,1,1,1,1,0,124,39
2025-05-11,03:00:00,1,1,1,1,0,122,36
2025-05-11,04:00:00,1,1,1,1,0,120,33
2025-05-11,05:00:00,1,1,1,1,0,118,30
2025-05-11,06:00:00,1,1,1,1,0,118,26
2025-05-11,07:00:00,1,2,1,2,0,121,22
2025-05-11,08:00:00,1,2,2,1,0,123,22
2025-05-11,09:00:00,1,2,2,1,0,124,27
2025-05-11,10:00:00,2,5,5,1,3,129,89
2025-05-11,11:00:00,2,5,4,1,3,126,94
2025-05-11,12:00:00,2,4,4,1,3,126,95
2025-05-11,13:00:00,2,5,4,0,3,126,97
